2026-04-20 14:53:46,449 - __main__ - INFO - Starting SmartSelf AI v1.0.0
2026-04-20 14:53:46,450 - __main__ - INFO - Project root: /Users/subh/Documents/selfsmart
2026-04-20 14:53:46,450 - src.processor.content_processor - WARNING - SpaCy model not found, using basic processing
2026-04-20 14:53:46,855 - httpx - INFO - HTTP Request: HEAD https://huggingface.co/distilbert-base-uncased-finetuned-sst-2-english/resolve/main/config.json "HTTP/1.1 200 OK"
2026-04-20 14:53:47,143 - httpx - INFO - HTTP Request: GET https://huggingface.co/distilbert-base-uncased-finetuned-sst-2-english/resolve/main/config.json "HTTP/1.1 200 OK"
2026-04-20 14:53:47,144 - huggingface_hub.utils._http - WARNING - Warning: You are sending unauthenticated requests to the HF Hub. Please set a HF_TOKEN to enable higher rate limits and faster downloads.
2026-04-20 14:53:47,590 - httpx - INFO - HTTP Request: HEAD https://huggingface.co/distilbert-base-uncased-finetuned-sst-2-english/resolve/main/model.safetensors "HTTP/1.1 302 Found"
2026-04-20 14:53:49,078 - httpx - INFO - HTTP Request: GET https://huggingface.co/api/models/distilbert/distilbert-base-uncased-finetuned-sst-2-english/xet-read-token/714eb0fa89d2f80546fda750413ed43d93601a13 "HTTP/1.1 200 OK"
2026-04-20 14:54:15,541 - httpx - INFO - HTTP Request: HEAD https://huggingface.co/distilbert-base-uncased-finetuned-sst-2-english/resolve/main/tokenizer_config.json "HTTP/1.1 200 OK"
2026-04-20 14:54:15,821 - httpx - INFO - HTTP Request: GET https://huggingface.co/distilbert-base-uncased-finetuned-sst-2-english/resolve/main/tokenizer_config.json "HTTP/1.1 200 OK"
2026-04-20 14:54:16,101 - httpx - INFO - HTTP Request: GET https://huggingface.co/api/models/distilbert-base-uncased-finetuned-sst-2-english/tree/main/additional_chat_templates?recursive=false&expand=false "HTTP/1.1 307 Temporary Redirect"
2026-04-20 14:54:16,387 - httpx - INFO - HTTP Request: GET https://huggingface.co/api/models/distilbert/distilbert-base-uncased-finetuned-sst-2-english/tree/main/additional_chat_templates?recursive=false&expand=false "HTTP/1.1 404 Not Found"
2026-04-20 14:54:16,669 - httpx - INFO - HTTP Request: GET https://huggingface.co/api/models/distilbert-base-uncased-finetuned-sst-2-english/tree/main?recursive=true&expand=false "HTTP/1.1 307 Temporary Redirect"
2026-04-20 14:54:17,033 - httpx - INFO - HTTP Request: GET https://huggingface.co/api/models/distilbert/distilbert-base-uncased-finetuned-sst-2-english/tree/main?recursive=true&expand=false "HTTP/1.1 200 OK"
2026-04-20 14:54:17,320 - httpx - INFO - HTTP Request: HEAD https://huggingface.co/distilbert-base-uncased-finetuned-sst-2-english/resolve/main/vocab.txt "HTTP/1.1 200 OK"
2026-04-20 14:54:17,593 - httpx - INFO - HTTP Request: GET https://huggingface.co/distilbert-base-uncased-finetuned-sst-2-english/resolve/main/vocab.txt "HTTP/1.1 200 OK"
2026-04-20 14:54:18,177 - httpx - INFO - HTTP Request: HEAD https://huggingface.co/distilbert-base-uncased-finetuned-sst-2-english/resolve/main/tokenizer.json "HTTP/1.1 404 Not Found"
2026-04-20 14:54:18,470 - httpx - INFO - HTTP Request: HEAD https://huggingface.co/distilbert-base-uncased-finetuned-sst-2-english/resolve/main/added_tokens.json "HTTP/1.1 404 Not Found"
2026-04-20 14:54:18,752 - httpx - INFO - HTTP Request: HEAD https://huggingface.co/distilbert-base-uncased-finetuned-sst-2-english/resolve/main/special_tokens_map.json "HTTP/1.1 404 Not Found"
2026-04-20 14:54:19,033 - httpx - INFO - HTTP Request: HEAD https://huggingface.co/distilbert-base-uncased-finetuned-sst-2-english/resolve/main/chat_template.jinja "HTTP/1.1 404 Not Found"
2026-04-20 14:54:20,677 - src.processor.content_processor - INFO - Quality classifier loaded
2026-04-20 14:54:20,679 - src.processor.content_processor - INFO - Content processor initialized
2026-04-20 14:54:23,954 - sentence_transformers.base.model - INFO - No device provided, using mps
2026-04-20 14:54:24,239 - httpx - INFO - HTTP Request: HEAD https://huggingface.co/sentence-transformers/all-MiniLM-L6-v2/resolve/main/modules.json "HTTP/1.1 307 Temporary Redirect"
2026-04-20 14:54:24,274 - httpx - INFO - HTTP Request: HEAD https://huggingface.co/api/resolve-cache/models/sentence-transformers/all-MiniLM-L6-v2/c9745ed1d9f207416be6d2e6f8de32d1f16199bf/modules.json "HTTP/1.1 200 OK"
2026-04-20 14:54:24,565 - httpx - INFO - HTTP Request: HEAD https://huggingface.co/sentence-transformers/all-MiniLM-L6-v2/resolve/main/config_sentence_transformers.json "HTTP/1.1 307 Temporary Redirect"
2026-04-20 14:54:24,599 - httpx - INFO - HTTP Request: HEAD https://huggingface.co/api/resolve-cache/models/sentence-transformers/all-MiniLM-L6-v2/c9745ed1d9f207416be6d2e6f8de32d1f16199bf/config_sentence_transformers.json "HTTP/1.1 200 OK"
2026-04-20 14:54:24,601 - sentence_transformers.base.model - INFO - Loading SentenceTransformer model from sentence-transformers/all-MiniLM-L6-v2.
2026-04-20 14:54:24,882 - httpx - INFO - HTTP Request: HEAD https://huggingface.co/sentence-transformers/all-MiniLM-L6-v2/resolve/main/config_sentence_transformers.json "HTTP/1.1 307 Temporary Redirect"
2026-04-20 14:54:24,914 - httpx - INFO - HTTP Request: HEAD https://huggingface.co/api/resolve-cache/models/sentence-transformers/all-MiniLM-L6-v2/c9745ed1d9f207416be6d2e6f8de32d1f16199bf/config_sentence_transformers.json "HTTP/1.1 200 OK"
2026-04-20 14:54:25,194 - httpx - INFO - HTTP Request: HEAD https://huggingface.co/sentence-transformers/all-MiniLM-L6-v2/resolve/main/README.md "HTTP/1.1 307 Temporary Redirect"
2026-04-20 14:54:25,226 - httpx - INFO - HTTP Request: HEAD https://huggingface.co/api/resolve-cache/models/sentence-transformers/all-MiniLM-L6-v2/c9745ed1d9f207416be6d2e6f8de32d1f16199bf/README.md "HTTP/1.1 200 OK"
2026-04-20 14:54:25,506 - httpx - INFO - HTTP Request: HEAD https://huggingface.co/sentence-transformers/all-MiniLM-L6-v2/resolve/main/modules.json "HTTP/1.1 307 Temporary Redirect"
2026-04-20 14:54:25,540 - httpx - INFO - HTTP Request: HEAD https://huggingface.co/api/resolve-cache/models/sentence-transformers/all-MiniLM-L6-v2/c9745ed1d9f207416be6d2e6f8de32d1f16199bf/modules.json "HTTP/1.1 200 OK"
2026-04-20 14:54:25,817 - httpx - INFO - HTTP Request: HEAD https://huggingface.co/sentence-transformers/all-MiniLM-L6-v2/resolve/main/sentence_bert_config.json "HTTP/1.1 307 Temporary Redirect"
2026-04-20 14:54:25,854 - httpx - INFO - HTTP Request: HEAD https://huggingface.co/api/resolve-cache/models/sentence-transformers/all-MiniLM-L6-v2/c9745ed1d9f207416be6d2e6f8de32d1f16199bf/sentence_bert_config.json "HTTP/1.1 200 OK"
2026-04-20 14:54:26,135 - httpx - INFO - HTTP Request: HEAD https://huggingface.co/sentence-transformers/all-MiniLM-L6-v2/resolve/main/adapter_config.json "HTTP/1.1 404 Not Found"
2026-04-20 14:54:26,409 - httpx - INFO - HTTP Request: HEAD https://huggingface.co/sentence-transformers/all-MiniLM-L6-v2/resolve/main/config.json "HTTP/1.1 307 Temporary Redirect"
2026-04-20 14:54:26,440 - httpx - INFO - HTTP Request: HEAD https://huggingface.co/api/resolve-cache/models/sentence-transformers/all-MiniLM-L6-v2/c9745ed1d9f207416be6d2e6f8de32d1f16199bf/config.json "HTTP/1.1 200 OK"
2026-04-20 14:54:26,830 - httpx - INFO - HTTP Request: HEAD https://huggingface.co/sentence-transformers/all-MiniLM-L6-v2/resolve/main/processor_config.json "HTTP/1.1 404 Not Found"
2026-04-20 14:54:27,134 - httpx - INFO - HTTP Request: HEAD https://huggingface.co/sentence-transformers/all-MiniLM-L6-v2/resolve/main/preprocessor_config.json "HTTP/1.1 404 Not Found"
2026-04-20 14:54:27,410 - httpx - INFO - HTTP Request: HEAD https://huggingface.co/sentence-transformers/all-MiniLM-L6-v2/resolve/main/video_preprocessor_config.json "HTTP/1.1 404 Not Found"
2026-04-20 14:54:27,689 - httpx - INFO - HTTP Request: HEAD https://huggingface.co/sentence-transformers/all-MiniLM-L6-v2/resolve/main/preprocessor_config.json "HTTP/1.1 404 Not Found"
2026-04-20 14:54:27,972 - httpx - INFO - HTTP Request: HEAD https://huggingface.co/sentence-transformers/all-MiniLM-L6-v2/resolve/main/tokenizer_config.json "HTTP/1.1 307 Temporary Redirect"
2026-04-20 14:54:28,003 - httpx - INFO - HTTP Request: HEAD https://huggingface.co/api/resolve-cache/models/sentence-transformers/all-MiniLM-L6-v2/c9745ed1d9f207416be6d2e6f8de32d1f16199bf/tokenizer_config.json "HTTP/1.1 200 OK"
2026-04-20 14:54:28,279 - httpx - INFO - HTTP Request: HEAD https://huggingface.co/sentence-transformers/all-MiniLM-L6-v2/resolve/main/config.json "HTTP/1.1 307 Temporary Redirect"
2026-04-20 14:54:28,311 - httpx - INFO - HTTP Request: HEAD https://huggingface.co/api/resolve-cache/models/sentence-transformers/all-MiniLM-L6-v2/c9745ed1d9f207416be6d2e6f8de32d1f16199bf/config.json "HTTP/1.1 200 OK"
2026-04-20 14:54:28,591 - httpx - INFO - HTTP Request: HEAD https://huggingface.co/sentence-transformers/all-MiniLM-L6-v2/resolve/main/config.json "HTTP/1.1 307 Temporary Redirect"
2026-04-20 14:54:28,626 - httpx - INFO - HTTP Request: HEAD https://huggingface.co/api/resolve-cache/models/sentence-transformers/all-MiniLM-L6-v2/c9745ed1d9f207416be6d2e6f8de32d1f16199bf/config.json "HTTP/1.1 200 OK"
2026-04-20 14:54:28,903 - httpx - INFO - HTTP Request: HEAD https://huggingface.co/sentence-transformers/all-MiniLM-L6-v2/resolve/main/tokenizer_config.json "HTTP/1.1 307 Temporary Redirect"
2026-04-20 14:54:28,937 - httpx - INFO - HTTP Request: HEAD https://huggingface.co/api/resolve-cache/models/sentence-transformers/all-MiniLM-L6-v2/c9745ed1d9f207416be6d2e6f8de32d1f16199bf/tokenizer_config.json "HTTP/1.1 200 OK"
2026-04-20 14:54:29,219 - httpx - INFO - HTTP Request: GET https://huggingface.co/api/models/sentence-transformers/all-MiniLM-L6-v2/tree/main/additional_chat_templates?recursive=false&expand=false "HTTP/1.1 404 Not Found"
2026-04-20 14:54:29,504 - httpx - INFO - HTTP Request: GET https://huggingface.co/api/models/sentence-transformers/all-MiniLM-L6-v2/tree/main?recursive=true&expand=false "HTTP/1.1 200 OK"
2026-04-20 14:54:29,906 - httpx - INFO - HTTP Request: HEAD https://huggingface.co/sentence-transformers/all-MiniLM-L6-v2/resolve/main/1_Pooling/config.json "HTTP/1.1 307 Temporary Redirect"
2026-04-20 14:54:29,942 - httpx - INFO - HTTP Request: HEAD https://huggingface.co/api/resolve-cache/models/sentence-transformers/all-MiniLM-L6-v2/c9745ed1d9f207416be6d2e6f8de32d1f16199bf/1_Pooling%2Fconfig.json "HTTP/1.1 200 OK"
2026-04-20 14:54:30,229 - httpx - INFO - HTTP Request: GET https://huggingface.co/api/models/sentence-transformers/all-MiniLM-L6-v2 "HTTP/1.1 200 OK"
2026-04-20 14:54:30,912 - src.knowledge.knowledge_integrator - INFO - Vector store initialized
2026-04-20 14:54:30,924 - src.knowledge.knowledge_integrator - WARNING - Could not connect to Neo4j: Couldn't connect to localhost:7687 (resolved to ('[::1]:7687', '127.0.0.1:7687')):
Failed to establish connection to ResolvedIPv6Address(('::1', 7687, 0, 0)) (reason [Errno 61] Connection refused)
Failed to establish connection to ResolvedIPv4Address(('127.0.0.1', 7687)) (reason [Errno 61] Connection refused)
2026-04-20 14:54:30,926 - src.knowledge.knowledge_integrator - WARNING - Could not connect to Elasticsearch: URL must include a 'scheme', 'host', and 'port' component (ie 'https://localhost:9200')
2026-04-20 14:54:30,926 - src.knowledge.knowledge_integrator - INFO - Knowledge integrator initialized
2026-04-20 14:54:30,926 - src.learning.continuous_learner - INFO - Continuous learner initialized
2026-04-20 14:54:30,926 - src.learning.continuous_learner - INFO - Starting continuous learning...
2026-04-20 14:54:30,927 - src.learning.continuous_learner - INFO - Periodic tasks scheduled
2026-04-20 14:54:30,927 - src.learning.continuous_learner - INFO - Continuous learning started
2026-04-20 14:54:30,928 - __main__ - INFO - SmartSelf AI is running. Press Ctrl+C to stop.
2026-04-20 14:56:27,561 - __main__ - INFO - Starting SmartSelf AI v1.0.0
2026-04-20 14:56:27,561 - __main__ - INFO - Project root: /Users/subh/Documents/selfsmart
2026-04-20 14:56:27,562 - src.processor.content_processor - WARNING - SpaCy model not found, using basic processing
2026-04-20 14:56:28,038 - httpx - INFO - HTTP Request: HEAD https://huggingface.co/distilbert-base-uncased-finetuned-sst-2-english/resolve/main/config.json "HTTP/1.1 200 OK"
2026-04-20 14:56:28,618 - httpx - INFO - HTTP Request: GET https://huggingface.co/api/models/distilbert-base-uncased-finetuned-sst-2-english/tree/main/additional_chat_templates?recursive=false&expand=false "HTTP/1.1 307 Temporary Redirect"
2026-04-20 14:56:28,903 - httpx - INFO - HTTP Request: GET https://huggingface.co/api/models/distilbert/distilbert-base-uncased-finetuned-sst-2-english/tree/main/additional_chat_templates?recursive=false&expand=false "HTTP/1.1 404 Not Found"
2026-04-20 14:56:29,180 - httpx - INFO - HTTP Request: GET https://huggingface.co/api/models/distilbert-base-uncased-finetuned-sst-2-english/tree/main?recursive=true&expand=false "HTTP/1.1 307 Temporary Redirect"
2026-04-20 14:56:29,474 - httpx - INFO - HTTP Request: GET https://huggingface.co/api/models/distilbert/distilbert-base-uncased-finetuned-sst-2-english/tree/main?recursive=true&expand=false "HTTP/1.1 200 OK"
2026-04-20 14:56:30,788 - src.processor.content_processor - INFO - Quality classifier loaded
2026-04-20 14:56:30,793 - src.processor.content_processor - INFO - Content processor initialized
2026-04-20 14:56:31,450 - sentence_transformers.base.model - INFO - No device provided, using mps
2026-04-20 14:56:31,730 - httpx - INFO - HTTP Request: HEAD https://huggingface.co/sentence-transformers/all-MiniLM-L6-v2/resolve/main/modules.json "HTTP/1.1 307 Temporary Redirect"
2026-04-20 14:56:31,762 - httpx - INFO - HTTP Request: HEAD https://huggingface.co/api/resolve-cache/models/sentence-transformers/all-MiniLM-L6-v2/c9745ed1d9f207416be6d2e6f8de32d1f16199bf/modules.json "HTTP/1.1 200 OK"
2026-04-20 14:56:32,046 - httpx - INFO - HTTP Request: HEAD https://huggingface.co/sentence-transformers/all-MiniLM-L6-v2/resolve/main/config_sentence_transformers.json "HTTP/1.1 307 Temporary Redirect"
2026-04-20 14:56:32,047 - huggingface_hub.utils._http - WARNING - Warning: You are sending unauthenticated requests to the HF Hub. Please set a HF_TOKEN to enable higher rate limits and faster downloads.
2026-04-20 14:56:32,076 - httpx - INFO - HTTP Request: HEAD https://huggingface.co/api/resolve-cache/models/sentence-transformers/all-MiniLM-L6-v2/c9745ed1d9f207416be6d2e6f8de32d1f16199bf/config_sentence_transformers.json "HTTP/1.1 200 OK"
2026-04-20 14:56:32,079 - sentence_transformers.base.model - INFO - Loading SentenceTransformer model from sentence-transformers/all-MiniLM-L6-v2.
2026-04-20 14:56:32,356 - httpx - INFO - HTTP Request: HEAD https://huggingface.co/sentence-transformers/all-MiniLM-L6-v2/resolve/main/config_sentence_transformers.json "HTTP/1.1 307 Temporary Redirect"
2026-04-20 14:56:32,387 - httpx - INFO - HTTP Request: HEAD https://huggingface.co/api/resolve-cache/models/sentence-transformers/all-MiniLM-L6-v2/c9745ed1d9f207416be6d2e6f8de32d1f16199bf/config_sentence_transformers.json "HTTP/1.1 200 OK"
2026-04-20 14:56:32,678 - httpx - INFO - HTTP Request: HEAD https://huggingface.co/sentence-transformers/all-MiniLM-L6-v2/resolve/main/README.md "HTTP/1.1 307 Temporary Redirect"
2026-04-20 14:56:32,709 - httpx - INFO - HTTP Request: HEAD https://huggingface.co/api/resolve-cache/models/sentence-transformers/all-MiniLM-L6-v2/c9745ed1d9f207416be6d2e6f8de32d1f16199bf/README.md "HTTP/1.1 200 OK"
2026-04-20 14:56:32,985 - httpx - INFO - HTTP Request: HEAD https://huggingface.co/sentence-transformers/all-MiniLM-L6-v2/resolve/main/modules.json "HTTP/1.1 307 Temporary Redirect"
2026-04-20 14:56:33,020 - httpx - INFO - HTTP Request: HEAD https://huggingface.co/api/resolve-cache/models/sentence-transformers/all-MiniLM-L6-v2/c9745ed1d9f207416be6d2e6f8de32d1f16199bf/modules.json "HTTP/1.1 200 OK"
2026-04-20 14:56:33,352 - httpx - INFO - HTTP Request: HEAD https://huggingface.co/sentence-transformers/all-MiniLM-L6-v2/resolve/main/sentence_bert_config.json "HTTP/1.1 307 Temporary Redirect"
2026-04-20 14:56:33,384 - httpx - INFO - HTTP Request: HEAD https://huggingface.co/api/resolve-cache/models/sentence-transformers/all-MiniLM-L6-v2/c9745ed1d9f207416be6d2e6f8de32d1f16199bf/sentence_bert_config.json "HTTP/1.1 200 OK"
2026-04-20 14:56:33,733 - httpx - INFO - HTTP Request: HEAD https://huggingface.co/sentence-transformers/all-MiniLM-L6-v2/resolve/main/adapter_config.json "HTTP/1.1 404 Not Found"
2026-04-20 14:56:34,013 - httpx - INFO - HTTP Request: HEAD https://huggingface.co/sentence-transformers/all-MiniLM-L6-v2/resolve/main/config.json "HTTP/1.1 307 Temporary Redirect"
2026-04-20 14:56:34,043 - httpx - INFO - HTTP Request: HEAD https://huggingface.co/api/resolve-cache/models/sentence-transformers/all-MiniLM-L6-v2/c9745ed1d9f207416be6d2e6f8de32d1f16199bf/config.json "HTTP/1.1 200 OK"
2026-04-20 14:56:34,500 - httpx - INFO - HTTP Request: HEAD https://huggingface.co/sentence-transformers/all-MiniLM-L6-v2/resolve/main/processor_config.json "HTTP/1.1 404 Not Found"
2026-04-20 14:56:34,777 - httpx - INFO - HTTP Request: HEAD https://huggingface.co/sentence-transformers/all-MiniLM-L6-v2/resolve/main/preprocessor_config.json "HTTP/1.1 404 Not Found"
2026-04-20 14:56:35,059 - httpx - INFO - HTTP Request: HEAD https://huggingface.co/sentence-transformers/all-MiniLM-L6-v2/resolve/main/video_preprocessor_config.json "HTTP/1.1 404 Not Found"
2026-04-20 14:56:35,330 - httpx - INFO - HTTP Request: HEAD https://huggingface.co/sentence-transformers/all-MiniLM-L6-v2/resolve/main/preprocessor_config.json "HTTP/1.1 404 Not Found"
2026-04-20 14:56:35,600 - httpx - INFO - HTTP Request: HEAD https://huggingface.co/sentence-transformers/all-MiniLM-L6-v2/resolve/main/tokenizer_config.json "HTTP/1.1 307 Temporary Redirect"
2026-04-20 14:56:35,631 - httpx - INFO - HTTP Request: HEAD https://huggingface.co/api/resolve-cache/models/sentence-transformers/all-MiniLM-L6-v2/c9745ed1d9f207416be6d2e6f8de32d1f16199bf/tokenizer_config.json "HTTP/1.1 200 OK"
2026-04-20 14:56:35,904 - httpx - INFO - HTTP Request: HEAD https://huggingface.co/sentence-transformers/all-MiniLM-L6-v2/resolve/main/config.json "HTTP/1.1 307 Temporary Redirect"
2026-04-20 14:56:35,934 - httpx - INFO - HTTP Request: HEAD https://huggingface.co/api/resolve-cache/models/sentence-transformers/all-MiniLM-L6-v2/c9745ed1d9f207416be6d2e6f8de32d1f16199bf/config.json "HTTP/1.1 200 OK"
2026-04-20 14:56:36,213 - httpx - INFO - HTTP Request: HEAD https://huggingface.co/sentence-transformers/all-MiniLM-L6-v2/resolve/main/config.json "HTTP/1.1 307 Temporary Redirect"
2026-04-20 14:56:36,242 - httpx - INFO - HTTP Request: HEAD https://huggingface.co/api/resolve-cache/models/sentence-transformers/all-MiniLM-L6-v2/c9745ed1d9f207416be6d2e6f8de32d1f16199bf/config.json "HTTP/1.1 200 OK"
2026-04-20 14:56:36,520 - httpx - INFO - HTTP Request: HEAD https://huggingface.co/sentence-transformers/all-MiniLM-L6-v2/resolve/main/tokenizer_config.json "HTTP/1.1 307 Temporary Redirect"
2026-04-20 14:56:36,547 - httpx - INFO - HTTP Request: HEAD https://huggingface.co/api/resolve-cache/models/sentence-transformers/all-MiniLM-L6-v2/c9745ed1d9f207416be6d2e6f8de32d1f16199bf/tokenizer_config.json "HTTP/1.1 200 OK"
2026-04-20 14:56:36,828 - httpx - INFO - HTTP Request: GET https://huggingface.co/api/models/sentence-transformers/all-MiniLM-L6-v2/tree/main/additional_chat_templates?recursive=false&expand=false "HTTP/1.1 404 Not Found"
2026-04-20 14:56:37,109 - httpx - INFO - HTTP Request: GET https://huggingface.co/api/models/sentence-transformers/all-MiniLM-L6-v2/tree/main?recursive=true&expand=false "HTTP/1.1 200 OK"
2026-04-20 14:56:37,522 - httpx - INFO - HTTP Request: HEAD https://huggingface.co/sentence-transformers/all-MiniLM-L6-v2/resolve/main/1_Pooling/config.json "HTTP/1.1 307 Temporary Redirect"
2026-04-20 14:56:37,553 - httpx - INFO - HTTP Request: HEAD https://huggingface.co/api/resolve-cache/models/sentence-transformers/all-MiniLM-L6-v2/c9745ed1d9f207416be6d2e6f8de32d1f16199bf/1_Pooling%2Fconfig.json "HTTP/1.1 200 OK"
2026-04-20 14:56:37,833 - httpx - INFO - HTTP Request: GET https://huggingface.co/api/models/sentence-transformers/all-MiniLM-L6-v2 "HTTP/1.1 200 OK"
2026-04-20 14:56:39,454 - src.knowledge.knowledge_integrator - INFO - Vector store initialized
2026-04-20 14:56:39,473 - src.knowledge.knowledge_integrator - WARNING - Could not connect to Neo4j: Couldn't connect to localhost:7687 (resolved to ('[::1]:7687', '127.0.0.1:7687')):
Failed to establish connection to ResolvedIPv6Address(('::1', 7687, 0, 0)) (reason [Errno 61] Connection refused)
Failed to establish connection to ResolvedIPv4Address(('127.0.0.1', 7687)) (reason [Errno 61] Connection refused)
2026-04-20 14:56:39,475 - src.knowledge.knowledge_integrator - WARNING - Could not connect to Elasticsearch: URL must include a 'scheme', 'host', and 'port' component (ie 'https://localhost:9200')
2026-04-20 14:56:39,475 - src.knowledge.knowledge_integrator - INFO - Knowledge integrator initialized
2026-04-20 14:56:39,477 - src.learning.continuous_learner - INFO - Continuous learner initialized
2026-04-20 14:56:39,477 - src.learning.continuous_learner - INFO - Starting continuous learning...
2026-04-20 14:56:39,480 - src.learning.continuous_learner - INFO - Periodic tasks scheduled
2026-04-20 14:56:39,480 - src.learning.continuous_learner - INFO - Continuous learning started
2026-04-20 14:56:39,480 - __main__ - INFO - SmartSelf AI is running. Press Ctrl+C to stop.
2026-04-20 15:01:39,774 - src.learning.continuous_learner - INFO - Starting real-time learning...
2026-04-20 15:01:41,391 - src.crawler.web_crawler - INFO - Extracted 35 articles from https://feeds.bbci.co.uk/news/rss.xml
2026-04-20 15:01:43,670 - src.crawler.web_crawler - WARNING - Feed parsing warning for https://rss.cnn.com/rss/edition.rss: <urlopen error [SSL: UNEXPECTED_EOF_WHILE_READING] EOF occurred in violation of protocol (_ssl.c:1081)>
2026-04-20 15:01:43,670 - src.crawler.web_crawler - INFO - Extracted 0 articles from https://rss.cnn.com/rss/edition.rss
2026-04-20 15:01:44,981 - src.crawler.web_crawler - WARNING - Feed parsing warning for https://feeds.reuters.com/reuters/topNews: <urlopen error Tunnel connection failed: 503 Service Unavailable>
2026-04-20 15:01:44,981 - src.crawler.web_crawler - INFO - Extracted 0 articles from https://feeds.reuters.com/reuters/topNews
2026-04-20 15:01:45,557 - src.crawler.web_crawler - INFO - Extracted 20 articles from https://techcrunch.com/feed/
2026-04-20 15:01:46,205 - src.crawler.web_crawler - INFO - Extracted 50 articles from https://www.wired.com/feed/rss
2026-04-20 15:01:46,620 - src.api.free_api_client - ERROR - Error fetching quote: Cannot connect to host api.quotable.io:443 ssl:default [nodename nor servname provided, or not known]
2026-04-20 15:01:46,652 - src.api.free_api_client - ERROR - Error fetching activity: Cannot connect to host www.boredapi.com:443 ssl:default [nodename nor servname provided, or not known]
2026-04-20 15:02:16,571 - src.api.free_api_client - ERROR - Error fetching advice: 
2026-04-20 15:02:16,577 - src.api.free_api_client - ERROR - Error fetching trivia: 
2026-04-20 15:02:16,578 - src.api.free_api_client - ERROR - Error fetching Wikipedia: 
2026-04-20 15:02:16,579 - src.api.free_api_client - ERROR - Error fetching joke: 
2026-04-20 15:02:16,580 - src.learning.continuous_learner - INFO - Fetched content from 0 free APIs
2026-04-20 15:02:31,563 - src.processor.content_processor - INFO - Processed 27/105 content items
2026-04-20 15:02:31,567 - src.learning.continuous_learner - INFO - Real-time learning completed: 0 items processed
2026-04-20 15:06:42,163 - src.learning.continuous_learner - INFO - Starting real-time learning...
2026-04-20 15:06:44,012 - src.crawler.web_crawler - INFO - Extracted 35 articles from https://feeds.bbci.co.uk/news/rss.xml
2026-04-20 15:06:46,266 - src.crawler.web_crawler - WARNING - Feed parsing warning for https://rss.cnn.com/rss/edition.rss: <urlopen error [SSL: UNEXPECTED_EOF_WHILE_READING] EOF occurred in violation of protocol (_ssl.c:1081)>
2026-04-20 15:06:46,300 - src.crawler.web_crawler - INFO - Extracted 0 articles from https://rss.cnn.com/rss/edition.rss
2026-04-20 15:06:46,454 - src.crawler.web_crawler - WARNING - Feed parsing warning for https://feeds.reuters.com/reuters/topNews: <urlopen error Tunnel connection failed: 503 Service Unavailable>
2026-04-20 15:06:46,454 - src.crawler.web_crawler - INFO - Extracted 0 articles from https://feeds.reuters.com/reuters/topNews
2026-04-20 15:06:46,880 - src.crawler.web_crawler - INFO - Extracted 20 articles from https://techcrunch.com/feed/
2026-04-20 15:06:47,321 - src.crawler.web_crawler - INFO - Extracted 50 articles from https://www.wired.com/feed/rss
2026-04-20 15:06:47,560 - src.api.free_api_client - ERROR - Error fetching activity: Cannot connect to host www.boredapi.com:443 ssl:default [nodename nor servname provided, or not known]
2026-04-20 15:06:47,843 - src.api.free_api_client - ERROR - Error fetching quote: Cannot connect to host api.quotable.io:443 ssl:default [nodename nor servname provided, or not known]
2026-04-20 15:07:17,609 - src.api.free_api_client - ERROR - Error fetching Wikipedia: 
2026-04-20 15:07:17,629 - src.api.free_api_client - ERROR - Error fetching trivia: 
2026-04-20 15:07:17,671 - src.api.free_api_client - ERROR - Error fetching advice: 
2026-04-20 15:07:17,750 - src.api.free_api_client - ERROR - Error fetching joke: 
2026-04-20 15:07:17,756 - src.learning.continuous_learner - INFO - Fetched content from 0 free APIs
2026-04-20 15:07:17,919 - src.processor.content_processor - INFO - Processed 0/105 content items
2026-04-20 15:07:17,959 - src.learning.continuous_learner - INFO - Real-time learning completed: 0 items processed
2026-04-20 15:11:42,373 - src.learning.continuous_learner - INFO - Starting real-time learning...
2026-04-20 15:11:43,089 - src.crawler.web_crawler - INFO - Extracted 34 articles from https://feeds.bbci.co.uk/news/rss.xml
2026-04-20 15:11:45,094 - src.crawler.web_crawler - WARNING - Feed parsing warning for https://rss.cnn.com/rss/edition.rss: <urlopen error [SSL: UNEXPECTED_EOF_WHILE_READING] EOF occurred in violation of protocol (_ssl.c:1081)>
2026-04-20 15:11:45,094 - src.crawler.web_crawler - INFO - Extracted 0 articles from https://rss.cnn.com/rss/edition.rss
2026-04-20 15:11:45,112 - src.crawler.web_crawler - WARNING - Feed parsing warning for https://feeds.reuters.com/reuters/topNews: <urlopen error Tunnel connection failed: 503 Service Unavailable>
2026-04-20 15:11:45,112 - src.crawler.web_crawler - INFO - Extracted 0 articles from https://feeds.reuters.com/reuters/topNews
2026-04-20 15:11:45,344 - src.crawler.web_crawler - INFO - Extracted 20 articles from https://techcrunch.com/feed/
2026-04-20 15:11:45,477 - src.crawler.web_crawler - INFO - Extracted 50 articles from https://www.wired.com/feed/rss
2026-04-20 15:11:45,575 - src.api.free_api_client - ERROR - Error fetching activity: Cannot connect to host www.boredapi.com:443 ssl:default [nodename nor servname provided, or not known]
2026-04-20 15:11:45,743 - src.api.free_api_client - ERROR - Error fetching quote: Cannot connect to host api.quotable.io:443 ssl:default [nodename nor servname provided, or not known]
2026-04-20 15:12:15,539 - src.api.free_api_client - ERROR - Error fetching advice: 
2026-04-20 15:12:15,539 - src.api.free_api_client - ERROR - Error fetching trivia: 
2026-04-20 15:12:15,540 - src.api.free_api_client - ERROR - Error fetching Wikipedia: 
2026-04-20 15:12:15,540 - src.api.free_api_client - ERROR - Error fetching joke: 
2026-04-20 15:12:15,541 - src.learning.continuous_learner - INFO - Fetched content from 0 free APIs
2026-04-20 15:12:19,367 - src.processor.content_processor - INFO - Processed 1/104 content items
2026-04-20 15:12:19,374 - src.learning.continuous_learner - INFO - Real-time learning completed: 0 items processed
2026-04-20 15:16:42,511 - src.learning.continuous_learner - INFO - Starting real-time learning...
2026-04-20 15:16:43,111 - src.crawler.web_crawler - INFO - Extracted 34 articles from https://feeds.bbci.co.uk/news/rss.xml
2026-04-20 15:16:43,426 - src.crawler.web_crawler - WARNING - Feed parsing warning for https://rss.cnn.com/rss/edition.rss: <urlopen error [SSL: UNEXPECTED_EOF_WHILE_READING] EOF occurred in violation of protocol (_ssl.c:1081)>
2026-04-20 15:16:43,426 - src.crawler.web_crawler - INFO - Extracted 0 articles from https://rss.cnn.com/rss/edition.rss
2026-04-20 15:16:43,445 - src.crawler.web_crawler - WARNING - Feed parsing warning for https://feeds.reuters.com/reuters/topNews: <urlopen error Tunnel connection failed: 503 Service Unavailable>
2026-04-20 15:16:43,445 - src.crawler.web_crawler - INFO - Extracted 0 articles from https://feeds.reuters.com/reuters/topNews
2026-04-20 15:16:43,753 - src.crawler.web_crawler - INFO - Extracted 20 articles from https://techcrunch.com/feed/
2026-04-20 15:16:43,985 - src.crawler.web_crawler - INFO - Extracted 50 articles from https://www.wired.com/feed/rss
2026-04-20 15:16:44,074 - src.api.free_api_client - ERROR - Error fetching quote: Cannot connect to host api.quotable.io:443 ssl:default [nodename nor servname provided, or not known]
2026-04-20 15:16:44,151 - src.api.free_api_client - ERROR - Error fetching activity: Cannot connect to host www.boredapi.com:443 ssl:default [nodename nor servname provided, or not known]
2026-04-20 15:17:14,526 - src.api.free_api_client - ERROR - Error fetching trivia: 
2026-04-20 15:17:14,528 - src.api.free_api_client - ERROR - Error fetching Wikipedia: 
2026-04-20 15:17:14,528 - src.api.free_api_client - ERROR - Error fetching advice: 
2026-04-20 15:17:14,528 - src.api.free_api_client - ERROR - Error fetching joke: 
2026-04-20 15:17:14,529 - src.learning.continuous_learner - INFO - Fetched content from 0 free APIs
2026-04-20 15:17:14,538 - src.processor.content_processor - INFO - Processed 0/104 content items
2026-04-20 15:17:14,538 - src.learning.continuous_learner - INFO - Real-time learning completed: 0 items processed
2026-04-20 15:21:42,628 - src.learning.continuous_learner - INFO - Starting real-time learning...
2026-04-20 15:21:43,696 - src.crawler.web_crawler - INFO - Extracted 33 articles from https://feeds.bbci.co.uk/news/rss.xml
2026-04-20 15:21:44,704 - src.crawler.web_crawler - WARNING - Feed parsing warning for https://rss.cnn.com/rss/edition.rss: <urlopen error [SSL: UNEXPECTED_EOF_WHILE_READING] EOF occurred in violation of protocol (_ssl.c:1081)>
2026-04-20 15:21:44,705 - src.crawler.web_crawler - INFO - Extracted 0 articles from https://rss.cnn.com/rss/edition.rss
2026-04-20 15:21:44,726 - src.crawler.web_crawler - WARNING - Feed parsing warning for https://feeds.reuters.com/reuters/topNews: <urlopen error Tunnel connection failed: 503 Service Unavailable>
2026-04-20 15:21:44,726 - src.crawler.web_crawler - INFO - Extracted 0 articles from https://feeds.reuters.com/reuters/topNews
2026-04-20 15:21:44,953 - src.crawler.web_crawler - INFO - Extracted 20 articles from https://techcrunch.com/feed/
2026-04-20 15:21:45,079 - src.crawler.web_crawler - INFO - Extracted 50 articles from https://www.wired.com/feed/rss
2026-04-20 15:21:45,159 - src.api.free_api_client - ERROR - Error fetching quote: Cannot connect to host api.quotable.io:443 ssl:default [nodename nor servname provided, or not known]
2026-04-20 15:21:45,232 - src.api.free_api_client - ERROR - Error fetching activity: Cannot connect to host www.boredapi.com:443 ssl:default [nodename nor servname provided, or not known]
2026-04-20 15:22:15,520 - src.api.free_api_client - ERROR - Error fetching Wikipedia: 
2026-04-20 15:22:15,525 - src.api.free_api_client - ERROR - Error fetching trivia: 
2026-04-20 15:22:15,525 - src.api.free_api_client - ERROR - Error fetching advice: 
2026-04-20 15:22:15,526 - src.api.free_api_client - ERROR - Error fetching joke: 
2026-04-20 15:22:15,526 - src.learning.continuous_learner - INFO - Fetched content from 0 free APIs
2026-04-20 15:22:15,539 - src.processor.content_processor - INFO - Processed 0/103 content items
2026-04-20 15:22:15,540 - src.learning.continuous_learner - INFO - Real-time learning completed: 0 items processed
2026-04-20 15:26:42,660 - src.learning.continuous_learner - INFO - Starting real-time learning...
2026-04-20 15:26:43,254 - src.crawler.web_crawler - INFO - Extracted 33 articles from https://feeds.bbci.co.uk/news/rss.xml
2026-04-20 15:26:43,385 - src.crawler.web_crawler - WARNING - Feed parsing warning for https://rss.cnn.com/rss/edition.rss: <urlopen error [SSL: UNEXPECTED_EOF_WHILE_READING] EOF occurred in violation of protocol (_ssl.c:1081)>
2026-04-20 15:26:43,385 - src.crawler.web_crawler - INFO - Extracted 0 articles from https://rss.cnn.com/rss/edition.rss
2026-04-20 15:26:43,405 - src.crawler.web_crawler - WARNING - Feed parsing warning for https://feeds.reuters.com/reuters/topNews: <urlopen error Tunnel connection failed: 503 Service Unavailable>
2026-04-20 15:26:43,405 - src.crawler.web_crawler - INFO - Extracted 0 articles from https://feeds.reuters.com/reuters/topNews
2026-04-20 15:26:43,660 - src.crawler.web_crawler - INFO - Extracted 20 articles from https://techcrunch.com/feed/
2026-04-20 15:26:43,855 - src.crawler.web_crawler - INFO - Extracted 50 articles from https://www.wired.com/feed/rss
2026-04-20 15:26:44,000 - src.api.free_api_client - ERROR - Error fetching activity: Cannot connect to host www.boredapi.com:443 ssl:default [nodename nor servname provided, or not known]
2026-04-20 15:26:44,121 - src.api.free_api_client - ERROR - Error fetching quote: Cannot connect to host api.quotable.io:443 ssl:default [nodename nor servname provided, or not known]
2026-04-20 15:27:14,502 - src.api.free_api_client - ERROR - Error fetching trivia: 
2026-04-20 15:27:14,503 - src.api.free_api_client - ERROR - Error fetching Wikipedia: 
2026-04-20 15:27:14,503 - src.api.free_api_client - ERROR - Error fetching advice: 
2026-04-20 15:27:14,504 - src.api.free_api_client - ERROR - Error fetching joke: 
2026-04-20 15:27:14,504 - src.learning.continuous_learner - INFO - Fetched content from 0 free APIs
2026-04-20 15:27:16,061 - src.processor.content_processor - INFO - Processed 1/103 content items
2026-04-20 15:27:16,062 - src.learning.continuous_learner - INFO - Real-time learning completed: 0 items processed
2026-04-20 15:31:42,679 - src.learning.continuous_learner - INFO - Starting real-time learning...
2026-04-20 15:31:43,254 - src.crawler.web_crawler - INFO - Extracted 33 articles from https://feeds.bbci.co.uk/news/rss.xml
2026-04-20 15:31:43,517 - src.crawler.web_crawler - WARNING - Feed parsing warning for https://rss.cnn.com/rss/edition.rss: <urlopen error [SSL: UNEXPECTED_EOF_WHILE_READING] EOF occurred in violation of protocol (_ssl.c:1081)>
2026-04-20 15:31:43,517 - src.crawler.web_crawler - INFO - Extracted 0 articles from https://rss.cnn.com/rss/edition.rss
2026-04-20 15:31:44,409 - src.crawler.web_crawler - WARNING - Feed parsing warning for https://feeds.reuters.com/reuters/topNews: <urlopen error Tunnel connection failed: 503 Service Unavailable>
2026-04-20 15:31:44,409 - src.crawler.web_crawler - INFO - Extracted 0 articles from https://feeds.reuters.com/reuters/topNews
2026-04-20 15:31:44,672 - src.crawler.web_crawler - INFO - Extracted 20 articles from https://techcrunch.com/feed/
2026-04-20 15:31:44,884 - src.crawler.web_crawler - INFO - Extracted 50 articles from https://www.wired.com/feed/rss
2026-04-20 15:31:44,968 - src.api.free_api_client - ERROR - Error fetching quote: Cannot connect to host api.quotable.io:443 ssl:default [nodename nor servname provided, or not known]
2026-04-20 15:31:44,992 - src.api.free_api_client - ERROR - Error fetching activity: Cannot connect to host www.boredapi.com:443 ssl:default [nodename nor servname provided, or not known]
2026-04-20 15:32:15,508 - src.api.free_api_client - ERROR - Error fetching Wikipedia: 
2026-04-20 15:32:15,515 - src.api.free_api_client - ERROR - Error fetching trivia: 
2026-04-20 15:32:15,517 - src.api.free_api_client - ERROR - Error fetching advice: 
2026-04-20 15:32:15,518 - src.api.free_api_client - ERROR - Error fetching joke: 
2026-04-20 15:32:15,519 - src.learning.continuous_learner - INFO - Fetched content from 0 free APIs
2026-04-20 15:32:19,437 - src.processor.content_processor - INFO - Processed 1/103 content items
2026-04-20 15:32:19,461 - src.learning.continuous_learner - INFO - Real-time learning completed: 0 items processed
2026-04-20 15:36:44,343 - src.learning.continuous_learner - INFO - Starting real-time learning...
2026-04-20 15:36:45,176 - src.crawler.web_crawler - INFO - Extracted 33 articles from https://feeds.bbci.co.uk/news/rss.xml
2026-04-20 15:36:45,345 - src.crawler.web_crawler - WARNING - Feed parsing warning for https://rss.cnn.com/rss/edition.rss: <urlopen error [SSL: UNEXPECTED_EOF_WHILE_READING] EOF occurred in violation of protocol (_ssl.c:1081)>
2026-04-20 15:36:45,345 - src.crawler.web_crawler - INFO - Extracted 0 articles from https://rss.cnn.com/rss/edition.rss
2026-04-20 15:36:45,390 - src.crawler.web_crawler - WARNING - Feed parsing warning for https://feeds.reuters.com/reuters/topNews: <urlopen error Tunnel connection failed: 503 Service Unavailable>
2026-04-20 15:36:45,391 - src.crawler.web_crawler - INFO - Extracted 0 articles from https://feeds.reuters.com/reuters/topNews
2026-04-20 15:36:45,669 - src.crawler.web_crawler - INFO - Extracted 20 articles from https://techcrunch.com/feed/
2026-04-20 15:36:46,130 - src.crawler.web_crawler - INFO - Extracted 50 articles from https://www.wired.com/feed/rss
2026-04-20 15:36:46,453 - src.api.free_api_client - ERROR - Error fetching activity: Cannot connect to host www.boredapi.com:443 ssl:default [nodename nor servname provided, or not known]
2026-04-20 15:36:46,469 - src.api.free_api_client - ERROR - Error fetching quote: Cannot connect to host api.quotable.io:443 ssl:default [nodename nor servname provided, or not known]
2026-04-20 15:37:16,485 - src.api.free_api_client - ERROR - Error fetching Wikipedia: 
2026-04-20 15:37:16,487 - src.api.free_api_client - ERROR - Error fetching trivia: 
2026-04-20 15:37:16,488 - src.api.free_api_client - ERROR - Error fetching advice: 
2026-04-20 15:37:16,489 - src.api.free_api_client - ERROR - Error fetching joke: 
2026-04-20 15:37:16,490 - src.learning.continuous_learner - INFO - Fetched content from 0 free APIs
2026-04-20 15:37:16,508 - src.processor.content_processor - INFO - Processed 0/103 content items
2026-04-20 15:37:16,510 - src.learning.continuous_learner - INFO - Real-time learning completed: 0 items processed
2026-04-20 15:41:44,857 - src.learning.continuous_learner - INFO - Starting real-time learning...
2026-04-20 15:41:45,794 - src.crawler.web_crawler - INFO - Extracted 33 articles from https://feeds.bbci.co.uk/news/rss.xml
2026-04-20 15:41:45,951 - src.crawler.web_crawler - WARNING - Feed parsing warning for https://rss.cnn.com/rss/edition.rss: <urlopen error [SSL: UNEXPECTED_EOF_WHILE_READING] EOF occurred in violation of protocol (_ssl.c:1081)>
2026-04-20 15:41:45,951 - src.crawler.web_crawler - INFO - Extracted 0 articles from https://rss.cnn.com/rss/edition.rss
2026-04-20 15:41:45,991 - src.crawler.web_crawler - WARNING - Feed parsing warning for https://feeds.reuters.com/reuters/topNews: <urlopen error Tunnel connection failed: 503 Service Unavailable>
2026-04-20 15:41:45,991 - src.crawler.web_crawler - INFO - Extracted 0 articles from https://feeds.reuters.com/reuters/topNews
2026-04-20 15:41:46,263 - src.crawler.web_crawler - INFO - Extracted 20 articles from https://techcrunch.com/feed/
2026-04-20 15:41:46,551 - src.crawler.web_crawler - INFO - Extracted 50 articles from https://www.wired.com/feed/rss
2026-04-20 15:41:46,656 - src.api.free_api_client - ERROR - Error fetching activity: Cannot connect to host www.boredapi.com:443 ssl:default [nodename nor servname provided, or not known]
2026-04-20 15:41:46,971 - src.api.free_api_client - ERROR - Error fetching quote: Cannot connect to host api.quotable.io:443 ssl:default [nodename nor servname provided, or not known]
2026-04-20 15:42:17,464 - src.api.free_api_client - ERROR - Error fetching trivia: 
2026-04-20 15:42:17,466 - src.api.free_api_client - ERROR - Error fetching Wikipedia: 
2026-04-20 15:42:17,466 - src.api.free_api_client - ERROR - Error fetching advice: 
2026-04-20 15:42:17,467 - src.api.free_api_client - ERROR - Error fetching joke: 
2026-04-20 15:42:17,467 - src.learning.continuous_learner - INFO - Fetched content from 0 free APIs
2026-04-20 15:42:17,486 - src.processor.content_processor - INFO - Processed 0/103 content items
2026-04-20 15:42:17,488 - src.learning.continuous_learner - INFO - Real-time learning completed: 0 items processed
2026-04-20 15:46:47,194 - src.learning.continuous_learner - INFO - Starting real-time learning...
2026-04-20 15:46:47,894 - src.crawler.web_crawler - INFO - Extracted 33 articles from https://feeds.bbci.co.uk/news/rss.xml
2026-04-20 15:46:48,029 - src.crawler.web_crawler - WARNING - Feed parsing warning for https://rss.cnn.com/rss/edition.rss: <urlopen error [SSL: UNEXPECTED_EOF_WHILE_READING] EOF occurred in violation of protocol (_ssl.c:1081)>
2026-04-20 15:46:48,029 - src.crawler.web_crawler - INFO - Extracted 0 articles from https://rss.cnn.com/rss/edition.rss
2026-04-20 15:46:48,051 - src.crawler.web_crawler - WARNING - Feed parsing warning for https://feeds.reuters.com/reuters/topNews: <urlopen error Tunnel connection failed: 503 Service Unavailable>
2026-04-20 15:46:48,051 - src.crawler.web_crawler - INFO - Extracted 0 articles from https://feeds.reuters.com/reuters/topNews
2026-04-20 15:46:48,290 - src.crawler.web_crawler - INFO - Extracted 20 articles from https://techcrunch.com/feed/
2026-04-20 15:46:48,422 - src.crawler.web_crawler - INFO - Extracted 50 articles from https://www.wired.com/feed/rss
2026-04-20 15:46:48,596 - src.api.free_api_client - ERROR - Error fetching activity: Cannot connect to host www.boredapi.com:443 ssl:default [nodename nor servname provided, or not known]
2026-04-20 15:46:48,683 - src.api.free_api_client - ERROR - Error fetching quote: Cannot connect to host api.quotable.io:443 ssl:default [nodename nor servname provided, or not known]
2026-04-20 15:47:18,457 - src.api.free_api_client - ERROR - Error fetching trivia: 
2026-04-20 15:47:18,460 - src.api.free_api_client - ERROR - Error fetching advice: 
2026-04-20 15:47:18,461 - src.api.free_api_client - ERROR - Error fetching Wikipedia: 
2026-04-20 15:47:18,461 - src.api.free_api_client - ERROR - Error fetching joke: 
2026-04-20 15:47:18,462 - src.learning.continuous_learner - INFO - Fetched content from 0 free APIs
2026-04-20 15:47:18,478 - src.processor.content_processor - INFO - Processed 0/103 content items
2026-04-20 15:47:18,480 - src.learning.continuous_learner - INFO - Real-time learning completed: 0 items processed
2026-04-20 15:51:47,603 - src.learning.continuous_learner - INFO - Starting real-time learning...
2026-04-20 15:51:48,329 - src.crawler.web_crawler - INFO - Extracted 33 articles from https://feeds.bbci.co.uk/news/rss.xml
2026-04-20 15:51:48,507 - src.crawler.web_crawler - WARNING - Feed parsing warning for https://rss.cnn.com/rss/edition.rss: <urlopen error [SSL: UNEXPECTED_EOF_WHILE_READING] EOF occurred in violation of protocol (_ssl.c:1081)>
2026-04-20 15:51:48,507 - src.crawler.web_crawler - INFO - Extracted 0 articles from https://rss.cnn.com/rss/edition.rss
2026-04-20 15:51:49,310 - src.crawler.web_crawler - WARNING - Feed parsing warning for https://feeds.reuters.com/reuters/topNews: <urlopen error Tunnel connection failed: 503 Service Unavailable>
2026-04-20 15:51:49,310 - src.crawler.web_crawler - INFO - Extracted 0 articles from https://feeds.reuters.com/reuters/topNews
2026-04-20 15:51:49,548 - src.crawler.web_crawler - INFO - Extracted 20 articles from https://techcrunch.com/feed/
2026-04-20 15:51:49,677 - src.crawler.web_crawler - INFO - Extracted 50 articles from https://www.wired.com/feed/rss
2026-04-20 15:51:49,794 - src.api.free_api_client - ERROR - Error fetching quote: Cannot connect to host api.quotable.io:443 ssl:default [nodename nor servname provided, or not known]
2026-04-20 15:51:50,772 - src.api.free_api_client - ERROR - Error fetching activity: Cannot connect to host www.boredapi.com:443 ssl:default [nodename nor servname provided, or not known]
2026-04-20 15:52:20,441 - src.api.free_api_client - ERROR - Error fetching Wikipedia: 
2026-04-20 15:52:20,443 - src.api.free_api_client - ERROR - Error fetching trivia: 
2026-04-20 15:52:20,444 - src.api.free_api_client - ERROR - Error fetching advice: 
2026-04-20 15:52:20,445 - src.api.free_api_client - ERROR - Error fetching joke: 
2026-04-20 15:52:20,446 - src.learning.continuous_learner - INFO - Fetched content from 0 free APIs
2026-04-20 15:52:24,859 - src.processor.content_processor - INFO - Processed 0/103 content items
2026-04-20 15:52:24,863 - src.learning.continuous_learner - INFO - Real-time learning completed: 0 items processed
2026-04-20 15:56:47,634 - src.learning.continuous_learner - INFO - Starting hourly learning...
2026-04-20 15:56:47,640 - src.crawler.web_crawler - INFO - Web crawler initialized
2026-04-20 15:56:47,643 - src.learning.continuous_learner - INFO - Starting real-time learning...
2026-04-20 15:56:48,235 - src.crawler.web_crawler - INFO - Extracted 33 articles from https://feeds.bbci.co.uk/news/rss.xml
2026-04-20 15:56:48,424 - src.crawler.web_crawler - WARNING - Feed parsing warning for https://rss.cnn.com/rss/edition.rss: <urlopen error [SSL: UNEXPECTED_EOF_WHILE_READING] EOF occurred in violation of protocol (_ssl.c:1081)>
2026-04-20 15:56:48,424 - src.crawler.web_crawler - INFO - Extracted 0 articles from https://rss.cnn.com/rss/edition.rss
2026-04-20 15:56:48,447 - src.crawler.web_crawler - WARNING - Feed parsing warning for https://feeds.reuters.com/reuters/topNews: <urlopen error Tunnel connection failed: 503 Service Unavailable>
2026-04-20 15:56:48,447 - src.crawler.web_crawler - INFO - Extracted 0 articles from https://feeds.reuters.com/reuters/topNews
2026-04-20 15:56:48,662 - src.crawler.web_crawler - INFO - Extracted 20 articles from https://techcrunch.com/feed/
2026-04-20 15:56:48,789 - src.crawler.web_crawler - INFO - Extracted 50 articles from https://www.wired.com/feed/rss
2026-04-20 15:56:48,874 - src.api.free_api_client - ERROR - Error fetching quote: Cannot connect to host api.quotable.io:443 ssl:default [nodename nor servname provided, or not known]
2026-04-20 15:56:48,960 - src.api.free_api_client - ERROR - Error fetching activity: Cannot connect to host www.boredapi.com:443 ssl:default [nodename nor servname provided, or not known]
2026-04-20 15:57:19,430 - src.api.free_api_client - ERROR - Error fetching Wikipedia: 
2026-04-20 15:57:19,433 - src.crawler.web_crawler - ERROR - Error crawling https://github.com/trending: 
2026-04-20 15:57:19,433 - src.api.free_api_client - ERROR - Error fetching trivia: 
2026-04-20 15:57:19,434 - src.api.free_api_client - ERROR - Error fetching advice: 
2026-04-20 15:57:19,434 - src.crawler.web_crawler - ERROR - Error crawling https://en.wikipedia.org/wiki/Main_Page: 
2026-04-20 15:57:19,435 - src.crawler.web_crawler - ERROR - Error crawling https://news.ycombinator.com: 
2026-04-20 15:57:19,435 - src.crawler.web_crawler - ERROR - Error crawling https://stackoverflow.com/questions: 
2026-04-20 15:57:19,436 - src.crawler.web_crawler - INFO - Successfully crawled 0/4 URLs
2026-04-20 15:57:19,436 - src.learning.continuous_learner - INFO - Hourly learning completed: 4 URLs crawled
2026-04-20 15:57:19,437 - src.api.free_api_client - ERROR - Error fetching joke: 
2026-04-20 15:57:19,437 - src.learning.continuous_learner - INFO - Fetched content from 0 free APIs
2026-04-20 15:57:19,917 - src.processor.content_processor - INFO - Processed 0/103 content items
2026-04-20 15:57:19,920 - src.learning.continuous_learner - INFO - Real-time learning completed: 0 items processed
2026-04-20 16:01:47,688 - src.learning.continuous_learner - INFO - Starting real-time learning...
2026-04-20 16:01:48,324 - src.crawler.web_crawler - INFO - Extracted 33 articles from https://feeds.bbci.co.uk/news/rss.xml
2026-04-20 16:01:48,770 - src.crawler.web_crawler - WARNING - Feed parsing warning for https://rss.cnn.com/rss/edition.rss: <urlopen error [SSL: UNEXPECTED_EOF_WHILE_READING] EOF occurred in violation of protocol (_ssl.c:1081)>
2026-04-20 16:01:48,770 - src.crawler.web_crawler - INFO - Extracted 0 articles from https://rss.cnn.com/rss/edition.rss
2026-04-20 16:01:50,434 - src.crawler.web_crawler - WARNING - Feed parsing warning for https://feeds.reuters.com/reuters/topNews: <urlopen error Tunnel connection failed: 503 Service Unavailable>
2026-04-20 16:01:50,434 - src.crawler.web_crawler - INFO - Extracted 0 articles from https://feeds.reuters.com/reuters/topNews
2026-04-20 16:01:50,935 - src.crawler.web_crawler - INFO - Extracted 20 articles from https://techcrunch.com/feed/
2026-04-20 16:01:51,149 - src.crawler.web_crawler - INFO - Extracted 50 articles from https://www.wired.com/feed/rss
2026-04-20 16:01:51,334 - src.api.free_api_client - ERROR - Error fetching activity: Cannot connect to host www.boredapi.com:443 ssl:default [nodename nor servname provided, or not known]
2026-04-20 16:01:51,445 - src.api.free_api_client - ERROR - Error fetching quote: Cannot connect to host api.quotable.io:443 ssl:default [nodename nor servname provided, or not known]
2026-04-20 16:02:21,420 - src.api.free_api_client - ERROR - Error fetching advice: 
2026-04-20 16:02:21,422 - src.api.free_api_client - ERROR - Error fetching trivia: 
2026-04-20 16:02:21,423 - src.api.free_api_client - ERROR - Error fetching Wikipedia: 
2026-04-20 16:02:21,424 - src.api.free_api_client - ERROR - Error fetching joke: 
2026-04-20 16:02:21,425 - src.learning.continuous_learner - INFO - Fetched content from 0 free APIs
2026-04-20 16:02:25,331 - src.processor.content_processor - INFO - Processed 0/103 content items
2026-04-20 16:02:25,332 - src.learning.continuous_learner - INFO - Real-time learning completed: 0 items processed
2026-04-20 16:06:47,749 - src.learning.continuous_learner - INFO - Starting real-time learning...
2026-04-20 16:06:48,465 - src.crawler.web_crawler - INFO - Extracted 33 articles from https://feeds.bbci.co.uk/news/rss.xml
2026-04-20 16:06:48,603 - src.crawler.web_crawler - WARNING - Feed parsing warning for https://rss.cnn.com/rss/edition.rss: <urlopen error [SSL: UNEXPECTED_EOF_WHILE_READING] EOF occurred in violation of protocol (_ssl.c:1081)>
2026-04-20 16:06:48,603 - src.crawler.web_crawler - INFO - Extracted 0 articles from https://rss.cnn.com/rss/edition.rss
2026-04-20 16:06:48,631 - src.crawler.web_crawler - WARNING - Feed parsing warning for https://feeds.reuters.com/reuters/topNews: <urlopen error Tunnel connection failed: 503 Service Unavailable>
2026-04-20 16:06:48,631 - src.crawler.web_crawler - INFO - Extracted 0 articles from https://feeds.reuters.com/reuters/topNews
2026-04-20 16:06:49,191 - src.crawler.web_crawler - INFO - Extracted 20 articles from https://techcrunch.com/feed/
2026-04-20 16:06:49,849 - src.crawler.web_crawler - INFO - Extracted 50 articles from https://www.wired.com/feed/rss
2026-04-20 16:06:49,958 - src.api.free_api_client - ERROR - Error fetching quote: Cannot connect to host api.quotable.io:443 ssl:default [nodename nor servname provided, or not known]
2026-04-20 16:06:50,192 - src.api.free_api_client - ERROR - Error fetching activity: Cannot connect to host www.boredapi.com:443 ssl:default [nodename nor servname provided, or not known]
2026-04-20 16:07:20,405 - src.api.free_api_client - ERROR - Error fetching Wikipedia: 
2026-04-20 16:07:20,408 - src.api.free_api_client - ERROR - Error fetching trivia: 
2026-04-20 16:07:20,408 - src.api.free_api_client - ERROR - Error fetching advice: 
2026-04-20 16:07:20,408 - src.api.free_api_client - ERROR - Error fetching joke: 
2026-04-20 16:07:20,408 - src.learning.continuous_learner - INFO - Fetched content from 0 free APIs
2026-04-20 16:07:20,417 - src.processor.content_processor - INFO - Processed 0/103 content items
2026-04-20 16:07:20,418 - src.learning.continuous_learner - INFO - Real-time learning completed: 0 items processed
2026-04-20 16:11:47,804 - src.learning.continuous_learner - INFO - Starting real-time learning...
2026-04-20 16:11:48,436 - src.crawler.web_crawler - INFO - Extracted 33 articles from https://feeds.bbci.co.uk/news/rss.xml
2026-04-20 16:11:48,730 - src.crawler.web_crawler - WARNING - Feed parsing warning for https://rss.cnn.com/rss/edition.rss: <urlopen error [SSL: UNEXPECTED_EOF_WHILE_READING] EOF occurred in violation of protocol (_ssl.c:1081)>
2026-04-20 16:11:48,730 - src.crawler.web_crawler - INFO - Extracted 0 articles from https://rss.cnn.com/rss/edition.rss
2026-04-20 16:11:48,749 - src.crawler.web_crawler - WARNING - Feed parsing warning for https://feeds.reuters.com/reuters/topNews: <urlopen error Tunnel connection failed: 503 Service Unavailable>
2026-04-20 16:11:48,749 - src.crawler.web_crawler - INFO - Extracted 0 articles from https://feeds.reuters.com/reuters/topNews
2026-04-20 16:11:48,993 - src.crawler.web_crawler - INFO - Extracted 20 articles from https://techcrunch.com/feed/
2026-04-20 16:11:49,145 - src.crawler.web_crawler - INFO - Extracted 50 articles from https://www.wired.com/feed/rss
2026-04-20 16:11:49,430 - src.api.free_api_client - ERROR - Error fetching quote: Cannot connect to host api.quotable.io:443 ssl:default [nodename nor servname provided, or not known]
2026-04-20 16:11:49,477 - src.api.free_api_client - ERROR - Error fetching activity: Cannot connect to host www.boredapi.com:443 ssl:default [nodename nor servname provided, or not known]
2026-04-20 16:12:19,394 - src.api.free_api_client - ERROR - Error fetching trivia: 
2026-04-20 16:12:19,397 - src.api.free_api_client - ERROR - Error fetching Wikipedia: 
2026-04-20 16:12:19,399 - src.api.free_api_client - ERROR - Error fetching advice: 
2026-04-20 16:12:19,399 - src.api.free_api_client - ERROR - Error fetching joke: 
2026-04-20 16:12:19,400 - src.learning.continuous_learner - INFO - Fetched content from 0 free APIs
2026-04-20 16:12:23,591 - src.processor.content_processor - INFO - Processed 0/103 content items
2026-04-20 16:12:23,749 - src.learning.continuous_learner - INFO - Real-time learning completed: 0 items processed
2026-04-20 16:16:47,857 - src.learning.continuous_learner - INFO - Starting real-time learning...
2026-04-20 16:16:48,542 - src.crawler.web_crawler - INFO - Extracted 33 articles from https://feeds.bbci.co.uk/news/rss.xml
2026-04-20 16:16:48,686 - src.crawler.web_crawler - WARNING - Feed parsing warning for https://rss.cnn.com/rss/edition.rss: <urlopen error [SSL: UNEXPECTED_EOF_WHILE_READING] EOF occurred in violation of protocol (_ssl.c:1081)>
2026-04-20 16:16:48,686 - src.crawler.web_crawler - INFO - Extracted 0 articles from https://rss.cnn.com/rss/edition.rss
2026-04-20 16:16:48,708 - src.crawler.web_crawler - WARNING - Feed parsing warning for https://feeds.reuters.com/reuters/topNews: <urlopen error Tunnel connection failed: 503 Service Unavailable>
2026-04-20 16:16:48,708 - src.crawler.web_crawler - INFO - Extracted 0 articles from https://feeds.reuters.com/reuters/topNews
2026-04-20 16:16:48,942 - src.crawler.web_crawler - INFO - Extracted 20 articles from https://techcrunch.com/feed/
2026-04-20 16:16:49,172 - src.crawler.web_crawler - INFO - Extracted 50 articles from https://www.wired.com/feed/rss
2026-04-20 16:16:49,306 - src.api.free_api_client - ERROR - Error fetching activity: Cannot connect to host www.boredapi.com:443 ssl:default [nodename nor servname provided, or not known]
2026-04-20 16:16:49,445 - src.api.free_api_client - ERROR - Error fetching quote: Cannot connect to host api.quotable.io:443 ssl:default [nodename nor servname provided, or not known]
2026-04-20 16:17:19,385 - src.api.free_api_client - ERROR - Error fetching trivia: 
2026-04-20 16:17:19,387 - src.api.free_api_client - ERROR - Error fetching advice: 
2026-04-20 16:17:19,387 - src.api.free_api_client - ERROR - Error fetching Wikipedia: 
2026-04-20 16:17:19,388 - src.api.free_api_client - ERROR - Error fetching joke: 
2026-04-20 16:17:19,388 - src.learning.continuous_learner - INFO - Fetched content from 0 free APIs
2026-04-20 16:17:19,399 - src.processor.content_processor - INFO - Processed 0/103 content items
2026-04-20 16:17:19,401 - src.learning.continuous_learner - INFO - Real-time learning completed: 0 items processed
2026-04-20 16:21:48,521 - src.learning.continuous_learner - INFO - Starting real-time learning...
2026-04-20 16:21:49,096 - src.crawler.web_crawler - INFO - Extracted 33 articles from https://feeds.bbci.co.uk/news/rss.xml
2026-04-20 16:21:49,274 - src.crawler.web_crawler - WARNING - Feed parsing warning for https://rss.cnn.com/rss/edition.rss: <urlopen error [SSL: UNEXPECTED_EOF_WHILE_READING] EOF occurred in violation of protocol (_ssl.c:1081)>
2026-04-20 16:21:49,275 - src.crawler.web_crawler - INFO - Extracted 0 articles from https://rss.cnn.com/rss/edition.rss
2026-04-20 16:21:49,308 - src.crawler.web_crawler - WARNING - Feed parsing warning for https://feeds.reuters.com/reuters/topNews: <urlopen error Tunnel connection failed: 503 Service Unavailable>
2026-04-20 16:21:49,308 - src.crawler.web_crawler - INFO - Extracted 0 articles from https://feeds.reuters.com/reuters/topNews
2026-04-20 16:21:49,559 - src.crawler.web_crawler - INFO - Extracted 20 articles from https://techcrunch.com/feed/
2026-04-20 16:21:49,778 - src.crawler.web_crawler - INFO - Extracted 50 articles from https://www.wired.com/feed/rss
2026-04-20 16:21:49,960 - src.api.free_api_client - ERROR - Error fetching activity: Cannot connect to host www.boredapi.com:443 ssl:default [nodename nor servname provided, or not known]
2026-04-20 16:21:50,048 - src.api.free_api_client - ERROR - Error fetching quote: Cannot connect to host api.quotable.io:443 ssl:default [nodename nor servname provided, or not known]
2026-04-20 16:22:20,368 - src.api.free_api_client - ERROR - Error fetching trivia: 
2026-04-20 16:22:20,371 - src.api.free_api_client - ERROR - Error fetching Wikipedia: 
2026-04-20 16:22:20,372 - src.api.free_api_client - ERROR - Error fetching advice: 
2026-04-20 16:22:20,372 - src.api.free_api_client - ERROR - Error fetching joke: 
2026-04-20 16:22:20,373 - src.learning.continuous_learner - INFO - Fetched content from 0 free APIs
2026-04-20 16:22:20,387 - src.processor.content_processor - INFO - Processed 0/103 content items
2026-04-20 16:22:20,388 - src.learning.continuous_learner - INFO - Real-time learning completed: 0 items processed
2026-04-20 16:26:48,573 - src.learning.continuous_learner - INFO - Starting real-time learning...
2026-04-20 16:26:49,084 - src.crawler.web_crawler - INFO - Extracted 33 articles from https://feeds.bbci.co.uk/news/rss.xml
2026-04-20 16:26:49,220 - src.crawler.web_crawler - WARNING - Feed parsing warning for https://rss.cnn.com/rss/edition.rss: <urlopen error [SSL: UNEXPECTED_EOF_WHILE_READING] EOF occurred in violation of protocol (_ssl.c:1081)>
2026-04-20 16:26:49,220 - src.crawler.web_crawler - INFO - Extracted 0 articles from https://rss.cnn.com/rss/edition.rss
2026-04-20 16:26:49,248 - src.crawler.web_crawler - WARNING - Feed parsing warning for https://feeds.reuters.com/reuters/topNews: <urlopen error Tunnel connection failed: 503 Service Unavailable>
2026-04-20 16:26:49,248 - src.crawler.web_crawler - INFO - Extracted 0 articles from https://feeds.reuters.com/reuters/topNews
2026-04-20 16:26:49,484 - src.crawler.web_crawler - INFO - Extracted 20 articles from https://techcrunch.com/feed/
2026-04-20 16:26:49,706 - src.crawler.web_crawler - INFO - Extracted 50 articles from https://www.wired.com/feed/rss
2026-04-20 16:26:49,876 - src.api.free_api_client - ERROR - Error fetching activity: Cannot connect to host www.boredapi.com:443 ssl:default [nodename nor servname provided, or not known]
2026-04-20 16:26:50,263 - src.api.free_api_client - ERROR - Error fetching quote: Cannot connect to host api.quotable.io:443 ssl:default [nodename nor servname provided, or not known]
2026-04-20 16:27:20,363 - src.api.free_api_client - ERROR - Error fetching trivia: 
2026-04-20 16:27:20,365 - src.api.free_api_client - ERROR - Error fetching Wikipedia: 
2026-04-20 16:27:20,366 - src.api.free_api_client - ERROR - Error fetching advice: 
2026-04-20 16:27:20,367 - src.api.free_api_client - ERROR - Error fetching joke: 
2026-04-20 16:27:20,369 - src.learning.continuous_learner - INFO - Fetched content from 0 free APIs
2026-04-20 16:27:20,408 - src.processor.content_processor - INFO - Processed 0/103 content items
2026-04-20 16:27:20,412 - src.learning.continuous_learner - INFO - Real-time learning completed: 0 items processed
2026-04-20 16:31:48,618 - src.learning.continuous_learner - INFO - Starting real-time learning...
2026-04-20 16:31:49,201 - src.crawler.web_crawler - INFO - Extracted 33 articles from https://feeds.bbci.co.uk/news/rss.xml
2026-04-20 16:31:49,628 - src.crawler.web_crawler - WARNING - Feed parsing warning for https://rss.cnn.com/rss/edition.rss: <urlopen error [SSL: UNEXPECTED_EOF_WHILE_READING] EOF occurred in violation of protocol (_ssl.c:1081)>
2026-04-20 16:31:49,628 - src.crawler.web_crawler - INFO - Extracted 0 articles from https://rss.cnn.com/rss/edition.rss
2026-04-20 16:31:50,554 - src.crawler.web_crawler - WARNING - Feed parsing warning for https://feeds.reuters.com/reuters/topNews: <urlopen error Tunnel connection failed: 503 Service Unavailable>
2026-04-20 16:31:50,555 - src.crawler.web_crawler - INFO - Extracted 0 articles from https://feeds.reuters.com/reuters/topNews
2026-04-20 16:31:50,838 - src.crawler.web_crawler - INFO - Extracted 20 articles from https://techcrunch.com/feed/
2026-04-20 16:31:51,033 - src.crawler.web_crawler - INFO - Extracted 50 articles from https://www.wired.com/feed/rss
2026-04-20 16:31:51,123 - src.api.free_api_client - ERROR - Error fetching quote: Cannot connect to host api.quotable.io:443 ssl:default [nodename nor servname provided, or not known]
2026-04-20 16:31:51,265 - src.api.free_api_client - ERROR - Error fetching activity: Cannot connect to host www.boredapi.com:443 ssl:default [nodename nor servname provided, or not known]
2026-04-20 16:32:21,344 - src.api.free_api_client - ERROR - Error fetching Wikipedia: 
2026-04-20 16:32:21,345 - src.api.free_api_client - ERROR - Error fetching trivia: 
2026-04-20 16:32:21,345 - src.api.free_api_client - ERROR - Error fetching advice: 
2026-04-20 16:32:21,346 - src.api.free_api_client - ERROR - Error fetching joke: 
2026-04-20 16:32:21,346 - src.learning.continuous_learner - INFO - Fetched content from 0 free APIs
2026-04-20 16:32:21,360 - src.processor.content_processor - INFO - Processed 0/103 content items
2026-04-20 16:32:21,360 - src.learning.continuous_learner - INFO - Real-time learning completed: 0 items processed
2026-04-20 16:36:48,648 - src.learning.continuous_learner - INFO - Starting real-time learning...
2026-04-20 16:36:49,267 - src.crawler.web_crawler - INFO - Extracted 32 articles from https://feeds.bbci.co.uk/news/rss.xml
2026-04-20 16:36:49,421 - src.crawler.web_crawler - WARNING - Feed parsing warning for https://rss.cnn.com/rss/edition.rss: <urlopen error [SSL: UNEXPECTED_EOF_WHILE_READING] EOF occurred in violation of protocol (_ssl.c:1081)>
2026-04-20 16:36:49,421 - src.crawler.web_crawler - INFO - Extracted 0 articles from https://rss.cnn.com/rss/edition.rss
2026-04-20 16:36:49,455 - src.crawler.web_crawler - WARNING - Feed parsing warning for https://feeds.reuters.com/reuters/topNews: <urlopen error Tunnel connection failed: 503 Service Unavailable>
2026-04-20 16:36:49,456 - src.crawler.web_crawler - INFO - Extracted 0 articles from https://feeds.reuters.com/reuters/topNews
2026-04-20 16:36:49,761 - src.crawler.web_crawler - INFO - Extracted 20 articles from https://techcrunch.com/feed/
2026-04-20 16:36:49,982 - src.crawler.web_crawler - INFO - Extracted 50 articles from https://www.wired.com/feed/rss
2026-04-20 16:36:50,094 - src.api.free_api_client - ERROR - Error fetching activity: Cannot connect to host www.boredapi.com:443 ssl:default [nodename nor servname provided, or not known]
2026-04-20 16:36:50,418 - src.api.free_api_client - ERROR - Error fetching quote: Cannot connect to host api.quotable.io:443 ssl:default [nodename nor servname provided, or not known]
2026-04-20 16:37:20,330 - src.api.free_api_client - ERROR - Error fetching trivia: 
2026-04-20 16:37:20,332 - src.api.free_api_client - ERROR - Error fetching Wikipedia: 
2026-04-20 16:37:20,332 - src.api.free_api_client - ERROR - Error fetching advice: 
2026-04-20 16:37:20,333 - src.api.free_api_client - ERROR - Error fetching joke: 
2026-04-20 16:37:20,333 - src.learning.continuous_learner - INFO - Fetched content from 0 free APIs
2026-04-20 16:37:23,793 - src.processor.content_processor - INFO - Processed 0/102 content items
2026-04-20 16:37:24,015 - src.learning.continuous_learner - INFO - Real-time learning completed: 0 items processed
2026-04-20 16:41:48,686 - src.learning.continuous_learner - INFO - Starting real-time learning...
2026-04-20 16:41:49,192 - src.crawler.web_crawler - INFO - Extracted 32 articles from https://feeds.bbci.co.uk/news/rss.xml
2026-04-20 16:41:49,325 - src.crawler.web_crawler - WARNING - Feed parsing warning for https://rss.cnn.com/rss/edition.rss: <urlopen error [SSL: UNEXPECTED_EOF_WHILE_READING] EOF occurred in violation of protocol (_ssl.c:1081)>
2026-04-20 16:41:49,325 - src.crawler.web_crawler - INFO - Extracted 0 articles from https://rss.cnn.com/rss/edition.rss
2026-04-20 16:41:50,461 - src.crawler.web_crawler - WARNING - Feed parsing warning for https://feeds.reuters.com/reuters/topNews: <urlopen error Tunnel connection failed: 503 Service Unavailable>
2026-04-20 16:41:50,461 - src.crawler.web_crawler - INFO - Extracted 0 articles from https://feeds.reuters.com/reuters/topNews
2026-04-20 16:41:50,701 - src.crawler.web_crawler - INFO - Extracted 20 articles from https://techcrunch.com/feed/
2026-04-20 16:41:50,927 - src.crawler.web_crawler - INFO - Extracted 50 articles from https://www.wired.com/feed/rss
2026-04-20 16:41:50,996 - src.api.free_api_client - ERROR - Error fetching quote: Cannot connect to host api.quotable.io:443 ssl:default [nodename nor servname provided, or not known]
2026-04-20 16:41:51,041 - src.api.free_api_client - ERROR - Error fetching activity: Cannot connect to host www.boredapi.com:443 ssl:default [nodename nor servname provided, or not known]
2026-04-20 16:42:21,318 - src.api.free_api_client - ERROR - Error fetching Wikipedia: 
2026-04-20 16:42:21,324 - src.api.free_api_client - ERROR - Error fetching trivia: 
2026-04-20 16:42:21,324 - src.api.free_api_client - ERROR - Error fetching advice: 
2026-04-20 16:42:21,325 - src.api.free_api_client - ERROR - Error fetching joke: 
2026-04-20 16:42:21,325 - src.learning.continuous_learner - INFO - Fetched content from 0 free APIs
2026-04-20 16:42:21,902 - src.processor.content_processor - INFO - Processed 1/102 content items
2026-04-20 16:42:21,904 - src.learning.continuous_learner - INFO - Real-time learning completed: 0 items processed
2026-04-20 16:46:48,716 - src.learning.continuous_learner - INFO - Starting real-time learning...
2026-04-20 16:46:49,310 - src.crawler.web_crawler - INFO - Extracted 32 articles from https://feeds.bbci.co.uk/news/rss.xml
2026-04-20 16:46:49,554 - src.crawler.web_crawler - WARNING - Feed parsing warning for https://rss.cnn.com/rss/edition.rss: <urlopen error [SSL: UNEXPECTED_EOF_WHILE_READING] EOF occurred in violation of protocol (_ssl.c:1081)>
2026-04-20 16:46:49,554 - src.crawler.web_crawler - INFO - Extracted 0 articles from https://rss.cnn.com/rss/edition.rss
2026-04-20 16:46:50,059 - src.crawler.web_crawler - WARNING - Feed parsing warning for https://feeds.reuters.com/reuters/topNews: <urlopen error Tunnel connection failed: 503 Service Unavailable>
2026-04-20 16:46:50,072 - src.crawler.web_crawler - INFO - Extracted 0 articles from https://feeds.reuters.com/reuters/topNews
2026-04-20 16:46:50,365 - src.crawler.web_crawler - INFO - Extracted 20 articles from https://techcrunch.com/feed/
2026-04-20 16:46:50,568 - src.crawler.web_crawler - INFO - Extracted 50 articles from https://www.wired.com/feed/rss
2026-04-20 16:46:50,749 - src.api.free_api_client - ERROR - Error fetching activity: Cannot connect to host www.boredapi.com:443 ssl:default [nodename nor servname provided, or not known]
2026-04-20 16:46:51,103 - src.api.free_api_client - ERROR - Error fetching quote: Cannot connect to host api.quotable.io:443 ssl:default [nodename nor servname provided, or not known]
2026-04-20 16:47:21,307 - src.api.free_api_client - ERROR - Error fetching trivia: 
2026-04-20 16:47:21,309 - src.api.free_api_client - ERROR - Error fetching Wikipedia: 
2026-04-20 16:47:21,309 - src.api.free_api_client - ERROR - Error fetching advice: 
2026-04-20 16:47:21,310 - src.api.free_api_client - ERROR - Error fetching joke: 
2026-04-20 16:47:21,310 - src.learning.continuous_learner - INFO - Fetched content from 0 free APIs
2026-04-20 16:47:21,876 - src.processor.content_processor - INFO - Processed 1/102 content items
2026-04-20 16:47:21,877 - src.learning.continuous_learner - INFO - Real-time learning completed: 0 items processed
2026-04-20 16:51:48,747 - src.learning.continuous_learner - INFO - Starting real-time learning...
2026-04-20 16:51:49,184 - src.crawler.web_crawler - INFO - Extracted 32 articles from https://feeds.bbci.co.uk/news/rss.xml
2026-04-20 16:51:49,330 - src.crawler.web_crawler - WARNING - Feed parsing warning for https://rss.cnn.com/rss/edition.rss: <urlopen error [SSL: UNEXPECTED_EOF_WHILE_READING] EOF occurred in violation of protocol (_ssl.c:1081)>
2026-04-20 16:51:49,330 - src.crawler.web_crawler - INFO - Extracted 0 articles from https://rss.cnn.com/rss/edition.rss
2026-04-20 16:51:49,370 - src.crawler.web_crawler - WARNING - Feed parsing warning for https://feeds.reuters.com/reuters/topNews: <urlopen error Tunnel connection failed: 503 Service Unavailable>
2026-04-20 16:51:49,371 - src.crawler.web_crawler - INFO - Extracted 0 articles from https://feeds.reuters.com/reuters/topNews
2026-04-20 16:51:49,649 - src.crawler.web_crawler - INFO - Extracted 20 articles from https://techcrunch.com/feed/
2026-04-20 16:51:49,868 - src.crawler.web_crawler - INFO - Extracted 50 articles from https://www.wired.com/feed/rss
2026-04-20 16:51:50,017 - src.api.free_api_client - ERROR - Error fetching activity: Cannot connect to host www.boredapi.com:443 ssl:default [nodename nor servname provided, or not known]
2026-04-20 16:51:50,317 - src.api.free_api_client - ERROR - Error fetching quote: Cannot connect to host api.quotable.io:443 ssl:default [nodename nor servname provided, or not known]
2026-04-20 16:52:20,293 - src.api.free_api_client - ERROR - Error fetching trivia: 
2026-04-20 16:52:20,295 - src.api.free_api_client - ERROR - Error fetching Wikipedia: 
2026-04-20 16:52:20,295 - src.api.free_api_client - ERROR - Error fetching advice: 
2026-04-20 16:52:20,296 - src.api.free_api_client - ERROR - Error fetching joke: 
2026-04-20 16:52:20,296 - src.learning.continuous_learner - INFO - Fetched content from 0 free APIs
2026-04-20 16:52:20,318 - src.processor.content_processor - INFO - Processed 0/102 content items
2026-04-20 16:52:20,319 - src.learning.continuous_learner - INFO - Real-time learning completed: 0 items processed
2026-04-20 16:56:49,492 - src.learning.continuous_learner - INFO - Starting hourly learning...
2026-04-20 16:56:49,498 - src.learning.continuous_learner - INFO - Starting real-time learning...
2026-04-20 16:56:50,048 - src.crawler.web_crawler - INFO - Extracted 32 articles from https://feeds.bbci.co.uk/news/rss.xml
2026-04-20 16:56:50,181 - src.crawler.web_crawler - WARNING - Feed parsing warning for https://rss.cnn.com/rss/edition.rss: <urlopen error [SSL: UNEXPECTED_EOF_WHILE_READING] EOF occurred in violation of protocol (_ssl.c:1081)>
2026-04-20 16:56:50,182 - src.crawler.web_crawler - INFO - Extracted 0 articles from https://rss.cnn.com/rss/edition.rss
2026-04-20 16:56:50,216 - src.crawler.web_crawler - WARNING - Feed parsing warning for https://feeds.reuters.com/reuters/topNews: <urlopen error Tunnel connection failed: 503 Service Unavailable>
2026-04-20 16:56:50,216 - src.crawler.web_crawler - INFO - Extracted 0 articles from https://feeds.reuters.com/reuters/topNews
2026-04-20 16:56:50,440 - src.crawler.web_crawler - INFO - Extracted 20 articles from https://techcrunch.com/feed/
2026-04-20 16:56:50,563 - src.crawler.web_crawler - INFO - Extracted 50 articles from https://www.wired.com/feed/rss
2026-04-20 16:56:50,569 - src.crawler.web_crawler - INFO - Successfully crawled 0/4 URLs
2026-04-20 16:56:50,570 - src.learning.continuous_learner - INFO - Hourly learning completed: 4 URLs crawled
2026-04-20 16:56:50,682 - src.api.free_api_client - ERROR - Error fetching quote: Cannot connect to host api.quotable.io:443 ssl:default [nodename nor servname provided, or not known]
2026-04-20 16:56:50,719 - src.api.free_api_client - ERROR - Error fetching activity: Cannot connect to host www.boredapi.com:443 ssl:default [nodename nor servname provided, or not known]
2026-04-20 16:57:21,281 - src.api.free_api_client - ERROR - Error fetching trivia: 
2026-04-20 16:57:21,283 - src.api.free_api_client - ERROR - Error fetching Wikipedia: 
2026-04-20 16:57:21,283 - src.api.free_api_client - ERROR - Error fetching advice: 
2026-04-20 16:57:21,284 - src.api.free_api_client - ERROR - Error fetching joke: 
2026-04-20 16:57:21,285 - src.learning.continuous_learner - INFO - Fetched content from 0 free APIs
2026-04-20 16:57:22,577 - src.processor.content_processor - INFO - Processed 0/102 content items
2026-04-20 16:57:22,579 - src.learning.continuous_learner - INFO - Real-time learning completed: 0 items processed
2026-04-20 17:01:49,527 - src.learning.continuous_learner - INFO - Starting real-time learning...
2026-04-20 17:01:50,188 - src.crawler.web_crawler - INFO - Extracted 32 articles from https://feeds.bbci.co.uk/news/rss.xml
2026-04-20 17:01:50,776 - src.crawler.web_crawler - WARNING - Feed parsing warning for https://rss.cnn.com/rss/edition.rss: <urlopen error [SSL: UNEXPECTED_EOF_WHILE_READING] EOF occurred in violation of protocol (_ssl.c:1081)>
2026-04-20 17:01:50,777 - src.crawler.web_crawler - INFO - Extracted 0 articles from https://rss.cnn.com/rss/edition.rss
2026-04-20 17:01:51,518 - src.crawler.web_crawler - WARNING - Feed parsing warning for https://feeds.reuters.com/reuters/topNews: <urlopen error Tunnel connection failed: 503 Service Unavailable>
2026-04-20 17:01:51,520 - src.crawler.web_crawler - INFO - Extracted 0 articles from https://feeds.reuters.com/reuters/topNews
2026-04-20 17:01:51,810 - src.crawler.web_crawler - INFO - Extracted 20 articles from https://techcrunch.com/feed/
2026-04-20 17:01:51,985 - src.crawler.web_crawler - INFO - Extracted 50 articles from https://www.wired.com/feed/rss
2026-04-20 17:01:52,086 - src.api.free_api_client - ERROR - Error fetching activity: Cannot connect to host www.boredapi.com:443 ssl:default [nodename nor servname provided, or not known]
2026-04-20 17:01:52,528 - src.api.free_api_client - ERROR - Error fetching quote: Cannot connect to host api.quotable.io:443 ssl:default [nodename nor servname provided, or not known]
2026-04-20 17:02:22,271 - src.api.free_api_client - ERROR - Error fetching Wikipedia: 
2026-04-20 17:02:22,273 - src.api.free_api_client - ERROR - Error fetching trivia: 
2026-04-20 17:02:22,273 - src.api.free_api_client - ERROR - Error fetching advice: 
2026-04-20 17:02:22,274 - src.api.free_api_client - ERROR - Error fetching joke: 
2026-04-20 17:02:22,274 - src.learning.continuous_learner - INFO - Fetched content from 0 free APIs
2026-04-20 17:02:22,290 - src.processor.content_processor - INFO - Processed 0/102 content items
2026-04-20 17:02:22,290 - src.learning.continuous_learner - INFO - Real-time learning completed: 0 items processed
2026-04-20 17:06:49,558 - src.learning.continuous_learner - INFO - Starting real-time learning...
2026-04-20 17:06:50,101 - src.crawler.web_crawler - INFO - Extracted 32 articles from https://feeds.bbci.co.uk/news/rss.xml
2026-04-20 17:06:50,253 - src.crawler.web_crawler - WARNING - Feed parsing warning for https://rss.cnn.com/rss/edition.rss: <urlopen error [SSL: UNEXPECTED_EOF_WHILE_READING] EOF occurred in violation of protocol (_ssl.c:1081)>
2026-04-20 17:06:50,254 - src.crawler.web_crawler - INFO - Extracted 0 articles from https://rss.cnn.com/rss/edition.rss
2026-04-20 17:06:50,306 - src.crawler.web_crawler - WARNING - Feed parsing warning for https://feeds.reuters.com/reuters/topNews: <urlopen error Tunnel connection failed: 503 Service Unavailable>
2026-04-20 17:06:50,306 - src.crawler.web_crawler - INFO - Extracted 0 articles from https://feeds.reuters.com/reuters/topNews
2026-04-20 17:06:54,612 - src.crawler.web_crawler - INFO - Extracted 20 articles from https://techcrunch.com/feed/
2026-04-20 17:06:55,073 - src.crawler.web_crawler - INFO - Extracted 50 articles from https://www.wired.com/feed/rss
2026-04-20 17:06:55,285 - src.api.free_api_client - ERROR - Error fetching activity: Cannot connect to host www.boredapi.com:443 ssl:default [nodename nor servname provided, or not known]
2026-04-20 17:06:55,435 - src.api.free_api_client - ERROR - Error fetching quote: Cannot connect to host api.quotable.io:443 ssl:default [nodename nor servname provided, or not known]
2026-04-20 17:07:25,256 - src.api.free_api_client - ERROR - Error fetching Wikipedia: 
2026-04-20 17:07:25,259 - src.api.free_api_client - ERROR - Error fetching trivia: 
2026-04-20 17:07:25,260 - src.api.free_api_client - ERROR - Error fetching advice: 
2026-04-20 17:07:25,260 - src.api.free_api_client - ERROR - Error fetching joke: 
2026-04-20 17:07:25,261 - src.learning.continuous_learner - INFO - Fetched content from 0 free APIs
2026-04-20 17:07:25,277 - src.processor.content_processor - INFO - Processed 0/102 content items
2026-04-20 17:07:25,278 - src.learning.continuous_learner - INFO - Real-time learning completed: 0 items processed
2026-04-20 17:11:49,593 - src.learning.continuous_learner - INFO - Starting real-time learning...
2026-04-20 17:11:50,151 - src.crawler.web_crawler - INFO - Extracted 32 articles from https://feeds.bbci.co.uk/news/rss.xml
2026-04-20 17:11:50,315 - src.crawler.web_crawler - WARNING - Feed parsing warning for https://rss.cnn.com/rss/edition.rss: <urlopen error [SSL: UNEXPECTED_EOF_WHILE_READING] EOF occurred in violation of protocol (_ssl.c:1081)>
2026-04-20 17:11:50,315 - src.crawler.web_crawler - INFO - Extracted 0 articles from https://rss.cnn.com/rss/edition.rss
2026-04-20 17:11:50,347 - src.crawler.web_crawler - WARNING - Feed parsing warning for https://feeds.reuters.com/reuters/topNews: <urlopen error Tunnel connection failed: 503 Service Unavailable>
2026-04-20 17:11:50,347 - src.crawler.web_crawler - INFO - Extracted 0 articles from https://feeds.reuters.com/reuters/topNews
2026-04-20 17:11:50,600 - src.crawler.web_crawler - INFO - Extracted 20 articles from https://techcrunch.com/feed/
2026-04-20 17:11:50,830 - src.crawler.web_crawler - INFO - Extracted 50 articles from https://www.wired.com/feed/rss
2026-04-20 17:11:51,410 - src.api.free_api_client - ERROR - Error fetching quote: Cannot connect to host api.quotable.io:443 ssl:default [nodename nor servname provided, or not known]
2026-04-20 17:11:51,920 - src.api.free_api_client - ERROR - Error fetching activity: Cannot connect to host www.boredapi.com:443 ssl:default [nodename nor servname provided, or not known]
2026-04-20 17:12:21,243 - src.api.free_api_client - ERROR - Error fetching trivia: 
2026-04-20 17:12:21,245 - src.api.free_api_client - ERROR - Error fetching Wikipedia: 
2026-04-20 17:12:21,245 - src.api.free_api_client - ERROR - Error fetching advice: 
2026-04-20 17:12:21,246 - src.api.free_api_client - ERROR - Error fetching joke: 
2026-04-20 17:12:21,246 - src.learning.continuous_learner - INFO - Fetched content from 0 free APIs
2026-04-20 17:12:21,259 - src.processor.content_processor - INFO - Processed 0/102 content items
2026-04-20 17:12:21,260 - src.learning.continuous_learner - INFO - Real-time learning completed: 0 items processed
2026-04-20 17:16:49,628 - src.learning.continuous_learner - INFO - Starting real-time learning...
2026-04-20 17:16:50,155 - src.crawler.web_crawler - INFO - Extracted 32 articles from https://feeds.bbci.co.uk/news/rss.xml
2026-04-20 17:16:50,314 - src.crawler.web_crawler - WARNING - Feed parsing warning for https://rss.cnn.com/rss/edition.rss: <urlopen error [SSL: UNEXPECTED_EOF_WHILE_READING] EOF occurred in violation of protocol (_ssl.c:1081)>
2026-04-20 17:16:50,314 - src.crawler.web_crawler - INFO - Extracted 0 articles from https://rss.cnn.com/rss/edition.rss
2026-04-20 17:16:50,337 - src.crawler.web_crawler - WARNING - Feed parsing warning for https://feeds.reuters.com/reuters/topNews: <urlopen error Tunnel connection failed: 503 Service Unavailable>
2026-04-20 17:16:50,338 - src.crawler.web_crawler - INFO - Extracted 0 articles from https://feeds.reuters.com/reuters/topNews
2026-04-20 17:16:50,580 - src.crawler.web_crawler - INFO - Extracted 20 articles from https://techcrunch.com/feed/
2026-04-20 17:16:50,818 - src.crawler.web_crawler - INFO - Extracted 50 articles from https://www.wired.com/feed/rss
2026-04-20 17:16:50,987 - src.api.free_api_client - ERROR - Error fetching activity: Cannot connect to host www.boredapi.com:443 ssl:default [nodename nor servname provided, or not known]
2026-04-20 17:16:51,081 - src.api.free_api_client - ERROR - Error fetching quote: Cannot connect to host api.quotable.io:443 ssl:default [nodename nor servname provided, or not known]
2026-04-20 17:17:21,235 - src.api.free_api_client - ERROR - Error fetching trivia: 
2026-04-20 17:17:21,243 - src.api.free_api_client - ERROR - Error fetching Wikipedia: 
2026-04-20 17:17:21,244 - src.api.free_api_client - ERROR - Error fetching advice: 
2026-04-20 17:17:21,245 - src.api.free_api_client - ERROR - Error fetching joke: 
2026-04-20 17:17:21,247 - src.learning.continuous_learner - INFO - Fetched content from 0 free APIs
2026-04-20 17:17:21,258 - src.processor.content_processor - INFO - Processed 0/102 content items
2026-04-20 17:17:21,259 - src.learning.continuous_learner - INFO - Real-time learning completed: 0 items processed
2026-04-20 17:21:49,679 - src.learning.continuous_learner - INFO - Starting real-time learning...
2026-04-20 17:21:50,247 - src.crawler.web_crawler - INFO - Extracted 32 articles from https://feeds.bbci.co.uk/news/rss.xml
2026-04-20 17:21:50,402 - src.crawler.web_crawler - WARNING - Feed parsing warning for https://rss.cnn.com/rss/edition.rss: <urlopen error [SSL: UNEXPECTED_EOF_WHILE_READING] EOF occurred in violation of protocol (_ssl.c:1081)>
2026-04-20 17:21:50,402 - src.crawler.web_crawler - INFO - Extracted 0 articles from https://rss.cnn.com/rss/edition.rss
2026-04-20 17:21:50,422 - src.crawler.web_crawler - WARNING - Feed parsing warning for https://feeds.reuters.com/reuters/topNews: <urlopen error Tunnel connection failed: 503 Service Unavailable>
2026-04-20 17:21:50,422 - src.crawler.web_crawler - INFO - Extracted 0 articles from https://feeds.reuters.com/reuters/topNews
2026-04-20 17:21:50,690 - src.crawler.web_crawler - INFO - Extracted 20 articles from https://techcrunch.com/feed/
2026-04-20 17:21:50,948 - src.crawler.web_crawler - INFO - Extracted 50 articles from https://www.wired.com/feed/rss
2026-04-20 17:21:51,195 - src.api.free_api_client - ERROR - Error fetching quote: Cannot connect to host api.quotable.io:443 ssl:default [nodename nor servname provided, or not known]
2026-04-20 17:21:51,289 - src.api.free_api_client - ERROR - Error fetching activity: Cannot connect to host www.boredapi.com:443 ssl:default [nodename nor servname provided, or not known]
2026-04-20 17:22:21,219 - src.api.free_api_client - ERROR - Error fetching trivia: 
2026-04-20 17:22:21,222 - src.api.free_api_client - ERROR - Error fetching Wikipedia: 
2026-04-20 17:22:21,222 - src.api.free_api_client - ERROR - Error fetching advice: 
2026-04-20 17:22:21,223 - src.api.free_api_client - ERROR - Error fetching joke: 
2026-04-20 17:22:21,223 - src.learning.continuous_learner - INFO - Fetched content from 0 free APIs
2026-04-20 17:22:22,625 - src.processor.content_processor - INFO - Processed 0/102 content items
2026-04-20 17:22:22,626 - src.learning.continuous_learner - INFO - Real-time learning completed: 0 items processed
2026-04-20 17:26:49,716 - src.learning.continuous_learner - INFO - Starting real-time learning...
2026-04-20 17:26:50,236 - src.crawler.web_crawler - INFO - Extracted 32 articles from https://feeds.bbci.co.uk/news/rss.xml
2026-04-20 17:26:50,435 - src.crawler.web_crawler - WARNING - Feed parsing warning for https://rss.cnn.com/rss/edition.rss: <urlopen error [SSL: UNEXPECTED_EOF_WHILE_READING] EOF occurred in violation of protocol (_ssl.c:1081)>
2026-04-20 17:26:50,435 - src.crawler.web_crawler - INFO - Extracted 0 articles from https://rss.cnn.com/rss/edition.rss
2026-04-20 17:26:52,158 - src.crawler.web_crawler - WARNING - Feed parsing warning for https://feeds.reuters.com/reuters/topNews: <urlopen error Tunnel connection failed: 503 Service Unavailable>
2026-04-20 17:26:52,159 - src.crawler.web_crawler - INFO - Extracted 0 articles from https://feeds.reuters.com/reuters/topNews
2026-04-20 17:26:52,562 - src.crawler.web_crawler - INFO - Extracted 20 articles from https://techcrunch.com/feed/
2026-04-20 17:26:52,727 - src.crawler.web_crawler - INFO - Extracted 50 articles from https://www.wired.com/feed/rss
2026-04-20 17:26:52,894 - src.api.free_api_client - ERROR - Error fetching activity: Cannot connect to host www.boredapi.com:443 ssl:default [nodename nor servname provided, or not known]
2026-04-20 17:26:53,227 - src.api.free_api_client - ERROR - Error fetching quote: Cannot connect to host api.quotable.io:443 ssl:default [nodename nor servname provided, or not known]
2026-04-20 17:27:23,211 - src.api.free_api_client - ERROR - Error fetching advice: 
2026-04-20 17:27:23,212 - src.api.free_api_client - ERROR - Error fetching trivia: 
2026-04-20 17:27:23,213 - src.api.free_api_client - ERROR - Error fetching Wikipedia: 
2026-04-20 17:27:23,213 - src.api.free_api_client - ERROR - Error fetching joke: 
2026-04-20 17:27:23,213 - src.learning.continuous_learner - INFO - Fetched content from 0 free APIs
2026-04-20 17:27:23,223 - src.processor.content_processor - INFO - Processed 0/102 content items
2026-04-20 17:27:23,224 - src.learning.continuous_learner - INFO - Real-time learning completed: 0 items processed
2026-04-20 17:31:49,760 - src.learning.continuous_learner - INFO - Starting real-time learning...
2026-04-20 17:31:50,430 - src.crawler.web_crawler - INFO - Extracted 32 articles from https://feeds.bbci.co.uk/news/rss.xml
2026-04-20 17:31:50,593 - src.crawler.web_crawler - WARNING - Feed parsing warning for https://rss.cnn.com/rss/edition.rss: <urlopen error [SSL: UNEXPECTED_EOF_WHILE_READING] EOF occurred in violation of protocol (_ssl.c:1081)>
2026-04-20 17:31:50,593 - src.crawler.web_crawler - INFO - Extracted 0 articles from https://rss.cnn.com/rss/edition.rss
2026-04-20 17:31:50,617 - src.crawler.web_crawler - WARNING - Feed parsing warning for https://feeds.reuters.com/reuters/topNews: <urlopen error Tunnel connection failed: 503 Service Unavailable>
2026-04-20 17:31:50,617 - src.crawler.web_crawler - INFO - Extracted 0 articles from https://feeds.reuters.com/reuters/topNews
2026-04-20 17:31:50,998 - src.crawler.web_crawler - INFO - Extracted 20 articles from https://techcrunch.com/feed/
2026-04-20 17:31:51,266 - src.crawler.web_crawler - INFO - Extracted 50 articles from https://www.wired.com/feed/rss
2026-04-20 17:31:51,363 - src.api.free_api_client - ERROR - Error fetching activity: Cannot connect to host www.boredapi.com:443 ssl:default [nodename nor servname provided, or not known]
2026-04-20 17:31:51,554 - src.api.free_api_client - ERROR - Error fetching quote: Cannot connect to host api.quotable.io:443 ssl:default [nodename nor servname provided, or not known]
2026-04-20 17:32:22,201 - src.api.free_api_client - ERROR - Error fetching trivia: 
2026-04-20 17:32:22,203 - src.api.free_api_client - ERROR - Error fetching Wikipedia: 
2026-04-20 17:32:22,204 - src.api.free_api_client - ERROR - Error fetching advice: 
2026-04-20 17:32:22,204 - src.api.free_api_client - ERROR - Error fetching joke: 
2026-04-20 17:32:22,204 - src.learning.continuous_learner - INFO - Fetched content from 0 free APIs
2026-04-20 17:32:25,213 - src.processor.content_processor - INFO - Processed 0/102 content items
2026-04-20 17:32:25,219 - src.learning.continuous_learner - INFO - Real-time learning completed: 0 items processed
2026-04-20 17:36:49,834 - src.learning.continuous_learner - INFO - Starting real-time learning...
2026-04-20 17:36:50,439 - src.crawler.web_crawler - INFO - Extracted 31 articles from https://feeds.bbci.co.uk/news/rss.xml
2026-04-20 17:36:50,819 - src.crawler.web_crawler - WARNING - Feed parsing warning for https://rss.cnn.com/rss/edition.rss: <urlopen error [SSL: UNEXPECTED_EOF_WHILE_READING] EOF occurred in violation of protocol (_ssl.c:1081)>
2026-04-20 17:36:50,819 - src.crawler.web_crawler - INFO - Extracted 0 articles from https://rss.cnn.com/rss/edition.rss
2026-04-20 17:36:51,994 - src.crawler.web_crawler - WARNING - Feed parsing warning for https://feeds.reuters.com/reuters/topNews: <urlopen error Tunnel connection failed: 503 Service Unavailable>
2026-04-20 17:36:51,996 - src.crawler.web_crawler - INFO - Extracted 0 articles from https://feeds.reuters.com/reuters/topNews
2026-04-20 17:36:52,401 - src.crawler.web_crawler - INFO - Extracted 20 articles from https://techcrunch.com/feed/
2026-04-20 17:36:52,653 - src.crawler.web_crawler - INFO - Extracted 50 articles from https://www.wired.com/feed/rss
2026-04-20 17:36:52,899 - src.api.free_api_client - ERROR - Error fetching quote: Cannot connect to host api.quotable.io:443 ssl:default [nodename nor servname provided, or not known]
2026-04-20 17:36:52,944 - src.api.free_api_client - ERROR - Error fetching activity: Cannot connect to host www.boredapi.com:443 ssl:default [nodename nor servname provided, or not known]
2026-04-20 17:37:23,184 - src.api.free_api_client - ERROR - Error fetching Wikipedia: 
2026-04-20 17:37:23,190 - src.api.free_api_client - ERROR - Error fetching trivia: 
2026-04-20 17:37:23,190 - src.api.free_api_client - ERROR - Error fetching advice: 
2026-04-20 17:37:23,190 - src.api.free_api_client - ERROR - Error fetching joke: 
2026-04-20 17:37:23,192 - src.learning.continuous_learner - INFO - Fetched content from 0 free APIs
2026-04-20 17:37:23,215 - src.processor.content_processor - INFO - Processed 0/101 content items
2026-04-20 17:37:23,218 - src.learning.continuous_learner - INFO - Real-time learning completed: 0 items processed
2026-04-20 17:41:49,889 - src.learning.continuous_learner - INFO - Starting real-time learning...
2026-04-20 17:41:50,596 - src.crawler.web_crawler - INFO - Extracted 31 articles from https://feeds.bbci.co.uk/news/rss.xml
2026-04-20 17:41:50,744 - src.crawler.web_crawler - WARNING - Feed parsing warning for https://rss.cnn.com/rss/edition.rss: <urlopen error [SSL: UNEXPECTED_EOF_WHILE_READING] EOF occurred in violation of protocol (_ssl.c:1081)>
2026-04-20 17:41:50,744 - src.crawler.web_crawler - INFO - Extracted 0 articles from https://rss.cnn.com/rss/edition.rss
2026-04-20 17:41:50,772 - src.crawler.web_crawler - WARNING - Feed parsing warning for https://feeds.reuters.com/reuters/topNews: <urlopen error Tunnel connection failed: 503 Service Unavailable>
2026-04-20 17:41:50,772 - src.crawler.web_crawler - INFO - Extracted 0 articles from https://feeds.reuters.com/reuters/topNews
2026-04-20 17:41:51,050 - src.crawler.web_crawler - INFO - Extracted 20 articles from https://techcrunch.com/feed/
2026-04-20 17:41:51,458 - src.crawler.web_crawler - INFO - Extracted 50 articles from https://www.wired.com/feed/rss
2026-04-20 17:41:51,623 - src.api.free_api_client - ERROR - Error fetching activity: Cannot connect to host www.boredapi.com:443 ssl:default [nodename nor servname provided, or not known]
2026-04-20 17:41:51,716 - src.api.free_api_client - ERROR - Error fetching quote: Cannot connect to host api.quotable.io:443 ssl:default [nodename nor servname provided, or not known]
2026-04-20 17:42:22,170 - src.api.free_api_client - ERROR - Error fetching trivia: 
2026-04-20 17:42:22,173 - src.api.free_api_client - ERROR - Error fetching Wikipedia: 
2026-04-20 17:42:22,174 - src.api.free_api_client - ERROR - Error fetching advice: 
2026-04-20 17:42:22,175 - src.api.free_api_client - ERROR - Error fetching joke: 
2026-04-20 17:42:22,175 - src.learning.continuous_learner - INFO - Fetched content from 0 free APIs
2026-04-20 17:42:22,190 - src.processor.content_processor - INFO - Processed 0/101 content items
2026-04-20 17:42:22,191 - src.learning.continuous_learner - INFO - Real-time learning completed: 0 items processed
2026-04-20 17:46:49,919 - src.learning.continuous_learner - INFO - Starting real-time learning...
2026-04-20 17:46:50,415 - src.crawler.web_crawler - INFO - Extracted 31 articles from https://feeds.bbci.co.uk/news/rss.xml
2026-04-20 17:46:50,553 - src.crawler.web_crawler - WARNING - Feed parsing warning for https://rss.cnn.com/rss/edition.rss: <urlopen error [SSL: UNEXPECTED_EOF_WHILE_READING] EOF occurred in violation of protocol (_ssl.c:1081)>
2026-04-20 17:46:50,554 - src.crawler.web_crawler - INFO - Extracted 0 articles from https://rss.cnn.com/rss/edition.rss
2026-04-20 17:46:50,586 - src.crawler.web_crawler - WARNING - Feed parsing warning for https://feeds.reuters.com/reuters/topNews: <urlopen error Tunnel connection failed: 503 Service Unavailable>
2026-04-20 17:46:50,586 - src.crawler.web_crawler - INFO - Extracted 0 articles from https://feeds.reuters.com/reuters/topNews
2026-04-20 17:46:50,828 - src.crawler.web_crawler - INFO - Extracted 20 articles from https://techcrunch.com/feed/
2026-04-20 17:46:50,993 - src.crawler.web_crawler - INFO - Extracted 50 articles from https://www.wired.com/feed/rss
2026-04-20 17:46:51,072 - src.api.free_api_client - ERROR - Error fetching activity: Cannot connect to host www.boredapi.com:443 ssl:default [nodename nor servname provided, or not known]
2026-04-20 17:46:51,229 - src.api.free_api_client - ERROR - Error fetching quote: Cannot connect to host api.quotable.io:443 ssl:default [nodename nor servname provided, or not known]
2026-04-20 17:47:21,158 - src.api.free_api_client - ERROR - Error fetching trivia: 
2026-04-20 17:47:21,159 - src.api.free_api_client - ERROR - Error fetching Wikipedia: 
2026-04-20 17:47:21,160 - src.api.free_api_client - ERROR - Error fetching advice: 
2026-04-20 17:47:21,161 - src.api.free_api_client - ERROR - Error fetching joke: 
2026-04-20 17:47:21,161 - src.learning.continuous_learner - INFO - Fetched content from 0 free APIs
2026-04-20 17:47:21,176 - src.processor.content_processor - INFO - Processed 0/101 content items
2026-04-20 17:47:21,177 - src.learning.continuous_learner - INFO - Real-time learning completed: 0 items processed
2026-04-20 17:51:49,972 - src.learning.continuous_learner - INFO - Starting real-time learning...
2026-04-20 17:51:50,579 - src.crawler.web_crawler - INFO - Extracted 31 articles from https://feeds.bbci.co.uk/news/rss.xml
2026-04-20 17:51:50,730 - src.crawler.web_crawler - WARNING - Feed parsing warning for https://rss.cnn.com/rss/edition.rss: <urlopen error [SSL: UNEXPECTED_EOF_WHILE_READING] EOF occurred in violation of protocol (_ssl.c:1081)>
2026-04-20 17:51:50,730 - src.crawler.web_crawler - INFO - Extracted 0 articles from https://rss.cnn.com/rss/edition.rss
2026-04-20 17:51:51,702 - src.crawler.web_crawler - WARNING - Feed parsing warning for https://feeds.reuters.com/reuters/topNews: <urlopen error Tunnel connection failed: 503 Service Unavailable>
2026-04-20 17:51:51,703 - src.crawler.web_crawler - INFO - Extracted 0 articles from https://feeds.reuters.com/reuters/topNews
2026-04-20 17:51:51,963 - src.crawler.web_crawler - INFO - Extracted 20 articles from https://techcrunch.com/feed/
2026-04-20 17:51:52,134 - src.crawler.web_crawler - INFO - Extracted 50 articles from https://www.wired.com/feed/rss
2026-04-20 17:51:52,287 - src.api.free_api_client - ERROR - Error fetching activity: Cannot connect to host www.boredapi.com:443 ssl:default [nodename nor servname provided, or not known]
2026-04-20 17:51:52,375 - src.api.free_api_client - ERROR - Error fetching quote: Cannot connect to host api.quotable.io:443 ssl:default [nodename nor servname provided, or not known]
2026-04-20 17:52:22,146 - src.api.free_api_client - ERROR - Error fetching trivia: 
2026-04-20 17:52:22,148 - src.api.free_api_client - ERROR - Error fetching advice: 
2026-04-20 17:52:22,149 - src.api.free_api_client - ERROR - Error fetching Wikipedia: 
2026-04-20 17:52:22,149 - src.api.free_api_client - ERROR - Error fetching joke: 
2026-04-20 17:52:22,149 - src.learning.continuous_learner - INFO - Fetched content from 0 free APIs
2026-04-20 17:52:22,161 - src.processor.content_processor - INFO - Processed 0/101 content items
2026-04-20 17:52:22,164 - src.learning.continuous_learner - INFO - Real-time learning completed: 0 items processed
2026-04-20 17:56:50,054 - src.learning.continuous_learner - INFO - Starting hourly learning...
2026-04-20 17:56:50,143 - src.learning.continuous_learner - INFO - Starting real-time learning...
2026-04-20 17:56:50,923 - src.crawler.web_crawler - INFO - Extracted 32 articles from https://feeds.bbci.co.uk/news/rss.xml
2026-04-20 17:56:51,125 - src.crawler.web_crawler - WARNING - Feed parsing warning for https://rss.cnn.com/rss/edition.rss: <urlopen error [SSL: UNEXPECTED_EOF_WHILE_READING] EOF occurred in violation of protocol (_ssl.c:1081)>
2026-04-20 17:56:51,125 - src.crawler.web_crawler - INFO - Extracted 0 articles from https://rss.cnn.com/rss/edition.rss
2026-04-20 17:56:51,160 - src.crawler.web_crawler - WARNING - Feed parsing warning for https://feeds.reuters.com/reuters/topNews: <urlopen error Tunnel connection failed: 503 Service Unavailable>
2026-04-20 17:56:51,160 - src.crawler.web_crawler - INFO - Extracted 0 articles from https://feeds.reuters.com/reuters/topNews
2026-04-20 17:56:51,462 - src.crawler.web_crawler - INFO - Extracted 20 articles from https://techcrunch.com/feed/
2026-04-20 17:56:51,773 - src.crawler.web_crawler - INFO - Extracted 50 articles from https://www.wired.com/feed/rss
2026-04-20 17:56:51,801 - src.crawler.web_crawler - INFO - Successfully crawled 0/4 URLs
2026-04-20 17:56:51,802 - src.learning.continuous_learner - INFO - Hourly learning completed: 4 URLs crawled
2026-04-20 17:56:51,884 - src.api.free_api_client - ERROR - Error fetching activity: Cannot connect to host www.boredapi.com:443 ssl:default [nodename nor servname provided, or not known]
2026-04-20 17:56:52,080 - src.api.free_api_client - ERROR - Error fetching quote: Cannot connect to host api.quotable.io:443 ssl:default [nodename nor servname provided, or not known]
2026-04-20 17:57:22,279 - src.api.free_api_client - ERROR - Error fetching trivia: 
2026-04-20 17:57:22,367 - src.api.free_api_client - ERROR - Error fetching Wikipedia: 
2026-04-20 17:57:22,386 - src.api.free_api_client - ERROR - Error fetching advice: 
2026-04-20 17:57:22,395 - src.api.free_api_client - ERROR - Error fetching joke: 
2026-04-20 17:57:22,407 - src.learning.continuous_learner - INFO - Fetched content from 0 free APIs
2026-04-20 17:57:37,027 - src.processor.content_processor - INFO - Processed 1/102 content items
2026-04-20 17:57:37,538 - src.learning.continuous_learner - INFO - Real-time learning completed: 0 items processed
2026-04-20 18:01:58,783 - src.learning.continuous_learner - INFO - Starting real-time learning...
2026-04-20 18:01:59,847 - src.crawler.web_crawler - INFO - Extracted 32 articles from https://feeds.bbci.co.uk/news/rss.xml
2026-04-20 18:01:59,989 - src.crawler.web_crawler - WARNING - Feed parsing warning for https://rss.cnn.com/rss/edition.rss: <urlopen error [SSL: UNEXPECTED_EOF_WHILE_READING] EOF occurred in violation of protocol (_ssl.c:1081)>
2026-04-20 18:01:59,989 - src.crawler.web_crawler - INFO - Extracted 0 articles from https://rss.cnn.com/rss/edition.rss
2026-04-20 18:02:00,013 - src.crawler.web_crawler - WARNING - Feed parsing warning for https://feeds.reuters.com/reuters/topNews: <urlopen error Tunnel connection failed: 503 Service Unavailable>
2026-04-20 18:02:00,013 - src.crawler.web_crawler - INFO - Extracted 0 articles from https://feeds.reuters.com/reuters/topNews
2026-04-20 18:02:00,282 - src.crawler.web_crawler - INFO - Extracted 20 articles from https://techcrunch.com/feed/
2026-04-20 18:02:00,445 - src.crawler.web_crawler - INFO - Extracted 50 articles from https://www.wired.com/feed/rss
2026-04-20 18:02:00,680 - src.api.free_api_client - ERROR - Error fetching activity: Cannot connect to host www.boredapi.com:443 ssl:default [nodename nor servname provided, or not known]
2026-04-20 18:02:00,756 - src.api.free_api_client - ERROR - Error fetching quote: Cannot connect to host api.quotable.io:443 ssl:default [nodename nor servname provided, or not known]
2026-04-20 18:02:31,131 - src.api.free_api_client - ERROR - Error fetching trivia: 
2026-04-20 18:02:31,140 - src.api.free_api_client - ERROR - Error fetching Wikipedia: 
2026-04-20 18:02:31,141 - src.api.free_api_client - ERROR - Error fetching advice: 
2026-04-20 18:02:31,142 - src.api.free_api_client - ERROR - Error fetching joke: 
2026-04-20 18:02:31,142 - src.learning.continuous_learner - INFO - Fetched content from 0 free APIs
2026-04-20 18:02:31,174 - src.processor.content_processor - INFO - Processed 0/102 content items
2026-04-20 18:02:31,176 - src.learning.continuous_learner - INFO - Real-time learning completed: 0 items processed
2026-04-20 18:06:58,851 - src.learning.continuous_learner - INFO - Starting real-time learning...
2026-04-20 18:06:59,482 - src.crawler.web_crawler - INFO - Extracted 32 articles from https://feeds.bbci.co.uk/news/rss.xml
2026-04-20 18:06:59,943 - src.crawler.web_crawler - WARNING - Feed parsing warning for https://rss.cnn.com/rss/edition.rss: <urlopen error [SSL: UNEXPECTED_EOF_WHILE_READING] EOF occurred in violation of protocol (_ssl.c:1081)>
2026-04-20 18:06:59,943 - src.crawler.web_crawler - INFO - Extracted 0 articles from https://rss.cnn.com/rss/edition.rss
2026-04-20 18:06:59,969 - src.crawler.web_crawler - WARNING - Feed parsing warning for https://feeds.reuters.com/reuters/topNews: <urlopen error Tunnel connection failed: 503 Service Unavailable>
2026-04-20 18:06:59,969 - src.crawler.web_crawler - INFO - Extracted 0 articles from https://feeds.reuters.com/reuters/topNews
2026-04-20 18:07:00,222 - src.crawler.web_crawler - INFO - Extracted 20 articles from https://techcrunch.com/feed/
2026-04-20 18:07:00,481 - src.crawler.web_crawler - INFO - Extracted 50 articles from https://www.wired.com/feed/rss
2026-04-20 18:07:00,645 - src.api.free_api_client - ERROR - Error fetching activity: Cannot connect to host www.boredapi.com:443 ssl:default [nodename nor servname provided, or not known]
2026-04-20 18:07:00,901 - src.api.free_api_client - ERROR - Error fetching quote: Cannot connect to host api.quotable.io:443 ssl:default [nodename nor servname provided, or not known]
2026-04-20 18:07:31,110 - src.api.free_api_client - ERROR - Error fetching trivia: 
2026-04-20 18:07:31,112 - src.api.free_api_client - ERROR - Error fetching Wikipedia: 
2026-04-20 18:07:31,113 - src.api.free_api_client - ERROR - Error fetching advice: 
2026-04-20 18:07:31,114 - src.api.free_api_client - ERROR - Error fetching joke: 
2026-04-20 18:07:31,115 - src.learning.continuous_learner - INFO - Fetched content from 0 free APIs
2026-04-20 18:07:31,130 - src.processor.content_processor - INFO - Processed 0/102 content items
2026-04-20 18:07:31,132 - src.learning.continuous_learner - INFO - Real-time learning completed: 0 items processed
2026-04-20 18:11:58,890 - src.learning.continuous_learner - INFO - Starting real-time learning...
2026-04-20 18:11:59,581 - src.crawler.web_crawler - INFO - Extracted 32 articles from https://feeds.bbci.co.uk/news/rss.xml
2026-04-20 18:11:59,726 - src.crawler.web_crawler - WARNING - Feed parsing warning for https://rss.cnn.com/rss/edition.rss: <urlopen error [SSL: UNEXPECTED_EOF_WHILE_READING] EOF occurred in violation of protocol (_ssl.c:1081)>
2026-04-20 18:11:59,726 - src.crawler.web_crawler - INFO - Extracted 0 articles from https://rss.cnn.com/rss/edition.rss
2026-04-20 18:11:59,753 - src.crawler.web_crawler - WARNING - Feed parsing warning for https://feeds.reuters.com/reuters/topNews: <urlopen error Tunnel connection failed: 503 Service Unavailable>
2026-04-20 18:11:59,753 - src.crawler.web_crawler - INFO - Extracted 0 articles from https://feeds.reuters.com/reuters/topNews
2026-04-20 18:12:00,338 - src.crawler.web_crawler - INFO - Extracted 20 articles from https://techcrunch.com/feed/
2026-04-20 18:12:00,846 - src.crawler.web_crawler - INFO - Extracted 50 articles from https://www.wired.com/feed/rss
2026-04-20 18:12:01,017 - src.api.free_api_client - ERROR - Error fetching activity: Cannot connect to host www.boredapi.com:443 ssl:default [nodename nor servname provided, or not known]
2026-04-20 18:12:01,088 - src.api.free_api_client - ERROR - Error fetching quote: Cannot connect to host api.quotable.io:443 ssl:default [nodename nor servname provided, or not known]
2026-04-20 18:12:31,116 - src.api.free_api_client - ERROR - Error fetching trivia: 
2026-04-20 18:12:31,122 - src.api.free_api_client - ERROR - Error fetching advice: 
2026-04-20 18:12:31,125 - src.api.free_api_client - ERROR - Error fetching Wikipedia: 
2026-04-20 18:12:31,133 - src.api.free_api_client - ERROR - Error fetching joke: 
2026-04-20 18:12:31,135 - src.learning.continuous_learner - INFO - Fetched content from 0 free APIs
2026-04-20 18:12:35,847 - src.processor.content_processor - INFO - Processed 0/102 content items
2026-04-20 18:12:35,850 - src.learning.continuous_learner - INFO - Real-time learning completed: 0 items processed
2026-04-20 18:16:58,945 - src.learning.continuous_learner - INFO - Starting real-time learning...
2026-04-20 18:16:59,713 - src.crawler.web_crawler - INFO - Extracted 32 articles from https://feeds.bbci.co.uk/news/rss.xml
2026-04-20 18:16:59,906 - src.crawler.web_crawler - WARNING - Feed parsing warning for https://rss.cnn.com/rss/edition.rss: <urlopen error [SSL: UNEXPECTED_EOF_WHILE_READING] EOF occurred in violation of protocol (_ssl.c:1081)>
2026-04-20 18:16:59,907 - src.crawler.web_crawler - INFO - Extracted 0 articles from https://rss.cnn.com/rss/edition.rss
2026-04-20 18:16:59,928 - src.crawler.web_crawler - WARNING - Feed parsing warning for https://feeds.reuters.com/reuters/topNews: <urlopen error Tunnel connection failed: 503 Service Unavailable>
2026-04-20 18:16:59,928 - src.crawler.web_crawler - INFO - Extracted 0 articles from https://feeds.reuters.com/reuters/topNews
2026-04-20 18:17:00,299 - src.crawler.web_crawler - INFO - Extracted 20 articles from https://techcrunch.com/feed/
2026-04-20 18:17:00,514 - src.crawler.web_crawler - INFO - Extracted 50 articles from https://www.wired.com/feed/rss
2026-04-20 18:17:00,720 - src.api.free_api_client - ERROR - Error fetching activity: Cannot connect to host www.boredapi.com:443 ssl:default [nodename nor servname provided, or not known]
2026-04-20 18:17:00,833 - src.api.free_api_client - ERROR - Error fetching quote: Cannot connect to host api.quotable.io:443 ssl:default [nodename nor servname provided, or not known]
2026-04-20 18:17:31,097 - src.api.free_api_client - ERROR - Error fetching trivia: 
2026-04-20 18:17:31,102 - src.api.free_api_client - ERROR - Error fetching Wikipedia: 
2026-04-20 18:17:31,103 - src.api.free_api_client - ERROR - Error fetching advice: 
2026-04-20 18:17:31,104 - src.api.free_api_client - ERROR - Error fetching joke: 
2026-04-20 18:17:31,105 - src.learning.continuous_learner - INFO - Fetched content from 0 free APIs
2026-04-20 18:17:35,294 - src.processor.content_processor - INFO - Processed 0/102 content items
2026-04-20 18:17:35,305 - src.learning.continuous_learner - INFO - Real-time learning completed: 0 items processed
2026-04-20 18:21:59,024 - src.learning.continuous_learner - INFO - Starting real-time learning...
2026-04-20 18:22:07,010 - src.crawler.web_crawler - WARNING - Feed parsing warning for https://feeds.bbci.co.uk/news/rss.xml: <urlopen error [Errno 60] Operation timed out>
2026-04-20 18:22:07,011 - src.crawler.web_crawler - INFO - Extracted 0 articles from https://feeds.bbci.co.uk/news/rss.xml
2026-04-20 18:22:07,173 - src.crawler.web_crawler - WARNING - Feed parsing warning for https://rss.cnn.com/rss/edition.rss: <urlopen error [SSL: UNEXPECTED_EOF_WHILE_READING] EOF occurred in violation of protocol (_ssl.c:1081)>
2026-04-20 18:22:07,173 - src.crawler.web_crawler - INFO - Extracted 0 articles from https://rss.cnn.com/rss/edition.rss
2026-04-20 18:22:08,077 - src.crawler.web_crawler - WARNING - Feed parsing warning for https://feeds.reuters.com/reuters/topNews: <urlopen error Tunnel connection failed: 503 Service Unavailable>
2026-04-20 18:22:08,077 - src.crawler.web_crawler - INFO - Extracted 0 articles from https://feeds.reuters.com/reuters/topNews
2026-04-20 18:22:08,539 - src.crawler.web_crawler - INFO - Extracted 20 articles from https://techcrunch.com/feed/
2026-04-20 18:22:08,777 - src.crawler.web_crawler - INFO - Extracted 50 articles from https://www.wired.com/feed/rss
2026-04-20 18:22:08,977 - src.api.free_api_client - ERROR - Error fetching activity: Cannot connect to host www.boredapi.com:443 ssl:default [nodename nor servname provided, or not known]
2026-04-20 18:22:09,194 - src.api.free_api_client - ERROR - Error fetching quote: Cannot connect to host api.quotable.io:443 ssl:default [nodename nor servname provided, or not known]
2026-04-20 18:22:39,076 - src.api.free_api_client - ERROR - Error fetching trivia: 
2026-04-20 18:22:39,078 - src.api.free_api_client - ERROR - Error fetching Wikipedia: 
2026-04-20 18:22:39,079 - src.api.free_api_client - ERROR - Error fetching advice: 
2026-04-20 18:22:39,080 - src.api.free_api_client - ERROR - Error fetching joke: 
2026-04-20 18:22:39,080 - src.learning.continuous_learner - INFO - Fetched content from 0 free APIs
2026-04-20 18:22:39,098 - src.processor.content_processor - INFO - Processed 0/70 content items
2026-04-20 18:22:39,100 - src.learning.continuous_learner - INFO - Real-time learning completed: 0 items processed
2026-04-20 18:26:59,142 - src.learning.continuous_learner - INFO - Starting real-time learning...
2026-04-20 18:26:59,771 - src.crawler.web_crawler - INFO - Extracted 32 articles from https://feeds.bbci.co.uk/news/rss.xml
2026-04-20 18:26:59,912 - src.crawler.web_crawler - WARNING - Feed parsing warning for https://rss.cnn.com/rss/edition.rss: <urlopen error [SSL: UNEXPECTED_EOF_WHILE_READING] EOF occurred in violation of protocol (_ssl.c:1081)>
2026-04-20 18:26:59,912 - src.crawler.web_crawler - INFO - Extracted 0 articles from https://rss.cnn.com/rss/edition.rss
2026-04-20 18:26:59,934 - src.crawler.web_crawler - WARNING - Feed parsing warning for https://feeds.reuters.com/reuters/topNews: <urlopen error Tunnel connection failed: 503 Service Unavailable>
2026-04-20 18:26:59,934 - src.crawler.web_crawler - INFO - Extracted 0 articles from https://feeds.reuters.com/reuters/topNews
2026-04-20 18:27:00,374 - src.crawler.web_crawler - INFO - Extracted 20 articles from https://techcrunch.com/feed/
2026-04-20 18:27:00,676 - src.crawler.web_crawler - INFO - Extracted 50 articles from https://www.wired.com/feed/rss
2026-04-20 18:27:00,780 - src.api.free_api_client - ERROR - Error fetching activity: Cannot connect to host www.boredapi.com:443 ssl:default [nodename nor servname provided, or not known]
2026-04-20 18:27:00,926 - src.api.free_api_client - ERROR - Error fetching quote: Cannot connect to host api.quotable.io:443 ssl:default [nodename nor servname provided, or not known]
2026-04-20 18:27:31,063 - src.api.free_api_client - ERROR - Error fetching trivia: 
2026-04-20 18:27:31,066 - src.api.free_api_client - ERROR - Error fetching Wikipedia: 
2026-04-20 18:27:31,067 - src.api.free_api_client - ERROR - Error fetching advice: 
2026-04-20 18:27:31,068 - src.api.free_api_client - ERROR - Error fetching joke: 
2026-04-20 18:27:31,069 - src.learning.continuous_learner - INFO - Fetched content from 0 free APIs
2026-04-20 18:27:35,693 - src.processor.content_processor - INFO - Processed 0/102 content items
2026-04-20 18:27:35,699 - src.learning.continuous_learner - INFO - Real-time learning completed: 0 items processed
2026-04-20 18:31:59,216 - src.learning.continuous_learner - INFO - Starting real-time learning...
2026-04-20 18:31:59,930 - src.crawler.web_crawler - INFO - Extracted 32 articles from https://feeds.bbci.co.uk/news/rss.xml
2026-04-20 18:32:00,085 - src.crawler.web_crawler - WARNING - Feed parsing warning for https://rss.cnn.com/rss/edition.rss: <urlopen error [SSL: UNEXPECTED_EOF_WHILE_READING] EOF occurred in violation of protocol (_ssl.c:1081)>
2026-04-20 18:32:00,086 - src.crawler.web_crawler - INFO - Extracted 0 articles from https://rss.cnn.com/rss/edition.rss
2026-04-20 18:32:00,108 - src.crawler.web_crawler - WARNING - Feed parsing warning for https://feeds.reuters.com/reuters/topNews: <urlopen error Tunnel connection failed: 503 Service Unavailable>
2026-04-20 18:32:00,108 - src.crawler.web_crawler - INFO - Extracted 0 articles from https://feeds.reuters.com/reuters/topNews
2026-04-20 18:32:00,387 - src.crawler.web_crawler - INFO - Extracted 20 articles from https://techcrunch.com/feed/
2026-04-20 18:32:00,534 - src.crawler.web_crawler - INFO - Extracted 50 articles from https://www.wired.com/feed/rss
2026-04-20 18:32:00,794 - src.api.free_api_client - ERROR - Error fetching quote: Cannot connect to host api.quotable.io:443 ssl:default [nodename nor servname provided, or not known]
2026-04-20 18:32:00,854 - src.api.free_api_client - ERROR - Error fetching activity: Cannot connect to host www.boredapi.com:443 ssl:default [nodename nor servname provided, or not known]
2026-04-20 18:32:31,072 - src.api.free_api_client - ERROR - Error fetching trivia: 
2026-04-20 18:32:31,084 - src.api.free_api_client - ERROR - Error fetching Wikipedia: 
2026-04-20 18:32:31,085 - src.api.free_api_client - ERROR - Error fetching advice: 
2026-04-20 18:32:31,086 - src.api.free_api_client - ERROR - Error fetching joke: 
2026-04-20 18:32:31,087 - src.learning.continuous_learner - INFO - Fetched content from 0 free APIs
2026-04-20 18:32:31,105 - src.processor.content_processor - INFO - Processed 0/102 content items
2026-04-20 18:32:31,106 - src.learning.continuous_learner - INFO - Real-time learning completed: 0 items processed
2026-04-20 18:36:59,275 - src.learning.continuous_learner - INFO - Starting real-time learning...
2026-04-20 18:37:00,151 - src.crawler.web_crawler - INFO - Extracted 32 articles from https://feeds.bbci.co.uk/news/rss.xml
2026-04-20 18:37:00,352 - src.crawler.web_crawler - WARNING - Feed parsing warning for https://rss.cnn.com/rss/edition.rss: <urlopen error [SSL: UNEXPECTED_EOF_WHILE_READING] EOF occurred in violation of protocol (_ssl.c:1081)>
2026-04-20 18:37:00,352 - src.crawler.web_crawler - INFO - Extracted 0 articles from https://rss.cnn.com/rss/edition.rss
2026-04-20 18:37:01,557 - src.crawler.web_crawler - WARNING - Feed parsing warning for https://feeds.reuters.com/reuters/topNews: <urlopen error Tunnel connection failed: 503 Service Unavailable>
2026-04-20 18:37:01,560 - src.crawler.web_crawler - INFO - Extracted 0 articles from https://feeds.reuters.com/reuters/topNews
2026-04-20 18:37:01,808 - src.crawler.web_crawler - INFO - Extracted 20 articles from https://techcrunch.com/feed/
2026-04-20 18:37:02,038 - src.crawler.web_crawler - INFO - Extracted 50 articles from https://www.wired.com/feed/rss
2026-04-20 18:37:02,154 - src.api.free_api_client - ERROR - Error fetching activity: Cannot connect to host www.boredapi.com:443 ssl:default [nodename nor servname provided, or not known]
2026-04-20 18:37:02,174 - src.api.free_api_client - ERROR - Error fetching quote: Cannot connect to host api.quotable.io:443 ssl:default [nodename nor servname provided, or not known]
2026-04-20 18:37:33,075 - src.api.free_api_client - ERROR - Error fetching Wikipedia: 
2026-04-20 18:37:33,130 - src.api.free_api_client - ERROR - Error fetching trivia: 
2026-04-20 18:37:33,137 - src.api.free_api_client - ERROR - Error fetching advice: 
2026-04-20 18:37:33,147 - src.api.free_api_client - ERROR - Error fetching joke: 
2026-04-20 18:37:33,150 - src.learning.continuous_learner - INFO - Fetched content from 0 free APIs
2026-04-20 18:37:38,620 - src.processor.content_processor - INFO - Processed 0/102 content items
2026-04-20 18:37:38,641 - src.learning.continuous_learner - INFO - Real-time learning completed: 0 items processed
2026-04-20 18:41:59,338 - src.learning.continuous_learner - INFO - Starting real-time learning...
2026-04-20 18:42:00,694 - src.crawler.web_crawler - INFO - Extracted 32 articles from https://feeds.bbci.co.uk/news/rss.xml
2026-04-20 18:42:00,836 - src.crawler.web_crawler - WARNING - Feed parsing warning for https://rss.cnn.com/rss/edition.rss: <urlopen error [SSL: UNEXPECTED_EOF_WHILE_READING] EOF occurred in violation of protocol (_ssl.c:1081)>
2026-04-20 18:42:00,837 - src.crawler.web_crawler - INFO - Extracted 0 articles from https://rss.cnn.com/rss/edition.rss
2026-04-20 18:42:00,861 - src.crawler.web_crawler - WARNING - Feed parsing warning for https://feeds.reuters.com/reuters/topNews: <urlopen error Tunnel connection failed: 503 Service Unavailable>
2026-04-20 18:42:00,863 - src.crawler.web_crawler - INFO - Extracted 0 articles from https://feeds.reuters.com/reuters/topNews
2026-04-20 18:42:01,143 - src.crawler.web_crawler - INFO - Extracted 20 articles from https://techcrunch.com/feed/
2026-04-20 18:42:01,467 - src.crawler.web_crawler - INFO - Extracted 50 articles from https://www.wired.com/feed/rss
2026-04-20 18:42:01,650 - src.api.free_api_client - ERROR - Error fetching activity: Cannot connect to host www.boredapi.com:443 ssl:default [nodename nor servname provided, or not known]
2026-04-20 18:42:01,924 - src.api.free_api_client - ERROR - Error fetching quote: Cannot connect to host api.quotable.io:443 ssl:default [nodename nor servname provided, or not known]
2026-04-20 18:42:32,028 - src.api.free_api_client - ERROR - Error fetching Wikipedia: 
2026-04-20 18:42:32,031 - src.api.free_api_client - ERROR - Error fetching trivia: 
2026-04-20 18:42:32,032 - src.api.free_api_client - ERROR - Error fetching advice: 
2026-04-20 18:42:32,033 - src.api.free_api_client - ERROR - Error fetching joke: 
2026-04-20 18:42:32,034 - src.learning.continuous_learner - INFO - Fetched content from 0 free APIs
2026-04-20 18:42:32,053 - src.processor.content_processor - INFO - Processed 0/102 content items
2026-04-20 18:42:32,056 - src.learning.continuous_learner - INFO - Real-time learning completed: 0 items processed
2026-04-20 18:46:59,415 - src.learning.continuous_learner - INFO - Starting real-time learning...
2026-04-20 18:47:00,118 - src.crawler.web_crawler - INFO - Extracted 32 articles from https://feeds.bbci.co.uk/news/rss.xml
2026-04-20 18:47:00,292 - src.crawler.web_crawler - WARNING - Feed parsing warning for https://rss.cnn.com/rss/edition.rss: <urlopen error [SSL: UNEXPECTED_EOF_WHILE_READING] EOF occurred in violation of protocol (_ssl.c:1081)>
2026-04-20 18:47:00,292 - src.crawler.web_crawler - INFO - Extracted 0 articles from https://rss.cnn.com/rss/edition.rss
2026-04-20 18:47:00,316 - src.crawler.web_crawler - WARNING - Feed parsing warning for https://feeds.reuters.com/reuters/topNews: <urlopen error Tunnel connection failed: 503 Service Unavailable>
2026-04-20 18:47:00,316 - src.crawler.web_crawler - INFO - Extracted 0 articles from https://feeds.reuters.com/reuters/topNews
2026-04-20 18:47:00,533 - src.crawler.web_crawler - INFO - Extracted 20 articles from https://techcrunch.com/feed/
2026-04-20 18:47:00,677 - src.crawler.web_crawler - INFO - Extracted 50 articles from https://www.wired.com/feed/rss
2026-04-20 18:47:00,924 - src.api.free_api_client - ERROR - Error fetching quote: Cannot connect to host api.quotable.io:443 ssl:default [nodename nor servname provided, or not known]
2026-04-20 18:47:01,129 - src.api.free_api_client - ERROR - Error fetching activity: Cannot connect to host www.boredapi.com:443 ssl:default [nodename nor servname provided, or not known]
2026-04-20 18:47:31,030 - src.api.free_api_client - ERROR - Error fetching trivia: 
2026-04-20 18:47:31,037 - src.api.free_api_client - ERROR - Error fetching Wikipedia: 
2026-04-20 18:47:31,039 - src.api.free_api_client - ERROR - Error fetching advice: 
2026-04-20 18:47:31,039 - src.api.free_api_client - ERROR - Error fetching joke: 
2026-04-20 18:47:31,040 - src.learning.continuous_learner - INFO - Fetched content from 0 free APIs
2026-04-20 18:47:35,436 - src.processor.content_processor - INFO - Processed 0/102 content items
2026-04-20 18:47:35,441 - src.learning.continuous_learner - INFO - Real-time learning completed: 0 items processed
2026-04-20 18:51:59,475 - src.learning.continuous_learner - INFO - Starting real-time learning...
2026-04-20 18:52:00,420 - src.crawler.web_crawler - INFO - Extracted 32 articles from https://feeds.bbci.co.uk/news/rss.xml
2026-04-20 18:52:00,553 - src.crawler.web_crawler - WARNING - Feed parsing warning for https://rss.cnn.com/rss/edition.rss: <urlopen error [SSL: UNEXPECTED_EOF_WHILE_READING] EOF occurred in violation of protocol (_ssl.c:1081)>
2026-04-20 18:52:00,553 - src.crawler.web_crawler - INFO - Extracted 0 articles from https://rss.cnn.com/rss/edition.rss
2026-04-20 18:52:01,499 - src.crawler.web_crawler - WARNING - Feed parsing warning for https://feeds.reuters.com/reuters/topNews: <urlopen error Tunnel connection failed: 503 Service Unavailable>
2026-04-20 18:52:01,501 - src.crawler.web_crawler - INFO - Extracted 0 articles from https://feeds.reuters.com/reuters/topNews
2026-04-20 18:52:01,735 - src.crawler.web_crawler - INFO - Extracted 20 articles from https://techcrunch.com/feed/
2026-04-20 18:52:01,962 - src.crawler.web_crawler - INFO - Extracted 50 articles from https://www.wired.com/feed/rss
2026-04-20 18:52:02,083 - src.api.free_api_client - ERROR - Error fetching activity: Cannot connect to host www.boredapi.com:443 ssl:default [nodename nor servname provided, or not known]
2026-04-20 18:52:02,445 - src.api.free_api_client - ERROR - Error fetching quote: Cannot connect to host api.quotable.io:443 ssl:default [nodename nor servname provided, or not known]
2026-04-20 18:52:32,003 - src.api.free_api_client - ERROR - Error fetching trivia: 
2026-04-20 18:52:32,005 - src.api.free_api_client - ERROR - Error fetching advice: 
2026-04-20 18:52:32,006 - src.api.free_api_client - ERROR - Error fetching Wikipedia: 
2026-04-20 18:52:32,006 - src.api.free_api_client - ERROR - Error fetching joke: 
2026-04-20 18:52:32,007 - src.learning.continuous_learner - INFO - Fetched content from 0 free APIs
2026-04-20 18:52:32,022 - src.processor.content_processor - INFO - Processed 0/102 content items
2026-04-20 18:52:32,026 - src.learning.continuous_learner - INFO - Real-time learning completed: 0 items processed
2026-04-20 18:56:59,517 - src.learning.continuous_learner - INFO - Starting hourly learning...
2026-04-20 18:56:59,544 - src.learning.continuous_learner - INFO - Starting real-time learning...
2026-04-20 18:57:00,063 - src.crawler.web_crawler - INFO - Extracted 32 articles from https://feeds.bbci.co.uk/news/rss.xml
2026-04-20 18:57:00,263 - src.crawler.web_crawler - WARNING - Feed parsing warning for https://rss.cnn.com/rss/edition.rss: <urlopen error [SSL: UNEXPECTED_EOF_WHILE_READING] EOF occurred in violation of protocol (_ssl.c:1081)>
2026-04-20 18:57:00,263 - src.crawler.web_crawler - INFO - Extracted 0 articles from https://rss.cnn.com/rss/edition.rss
2026-04-20 18:57:00,289 - src.crawler.web_crawler - WARNING - Feed parsing warning for https://feeds.reuters.com/reuters/topNews: <urlopen error Tunnel connection failed: 503 Service Unavailable>
2026-04-20 18:57:00,290 - src.crawler.web_crawler - INFO - Extracted 0 articles from https://feeds.reuters.com/reuters/topNews
2026-04-20 18:57:00,581 - src.crawler.web_crawler - INFO - Extracted 20 articles from https://techcrunch.com/feed/
2026-04-20 18:57:00,799 - src.crawler.web_crawler - INFO - Extracted 50 articles from https://www.wired.com/feed/rss
2026-04-20 18:57:00,813 - src.crawler.web_crawler - INFO - Successfully crawled 0/4 URLs
2026-04-20 18:57:00,814 - src.learning.continuous_learner - INFO - Hourly learning completed: 4 URLs crawled
2026-04-20 18:57:01,027 - src.api.free_api_client - ERROR - Error fetching activity: Cannot connect to host www.boredapi.com:443 ssl:default [nodename nor servname provided, or not known]
2026-04-20 18:57:01,030 - src.api.free_api_client - ERROR - Error fetching quote: Cannot connect to host api.quotable.io:443 ssl:default [nodename nor servname provided, or not known]
2026-04-20 18:57:30,993 - src.api.free_api_client - ERROR - Error fetching trivia: 
2026-04-20 18:57:30,998 - src.api.free_api_client - ERROR - Error fetching Wikipedia: 
2026-04-20 18:57:30,999 - src.api.free_api_client - ERROR - Error fetching advice: 
2026-04-20 18:57:31,000 - src.api.free_api_client - ERROR - Error fetching joke: 
2026-04-20 18:57:31,001 - src.learning.continuous_learner - INFO - Fetched content from 0 free APIs
2026-04-20 18:57:31,017 - src.processor.content_processor - INFO - Processed 0/102 content items
2026-04-20 18:57:31,018 - src.learning.continuous_learner - INFO - Real-time learning completed: 0 items processed
2026-04-20 19:01:59,592 - src.learning.continuous_learner - INFO - Starting real-time learning...
2026-04-20 19:02:00,244 - src.crawler.web_crawler - INFO - Extracted 32 articles from https://feeds.bbci.co.uk/news/rss.xml
2026-04-20 19:02:00,431 - src.crawler.web_crawler - WARNING - Feed parsing warning for https://rss.cnn.com/rss/edition.rss: <urlopen error [SSL: UNEXPECTED_EOF_WHILE_READING] EOF occurred in violation of protocol (_ssl.c:1081)>
2026-04-20 19:02:00,431 - src.crawler.web_crawler - INFO - Extracted 0 articles from https://rss.cnn.com/rss/edition.rss
2026-04-20 19:02:00,453 - src.crawler.web_crawler - WARNING - Feed parsing warning for https://feeds.reuters.com/reuters/topNews: <urlopen error Tunnel connection failed: 503 Service Unavailable>
2026-04-20 19:02:00,453 - src.crawler.web_crawler - INFO - Extracted 0 articles from https://feeds.reuters.com/reuters/topNews
2026-04-20 19:02:00,747 - src.crawler.web_crawler - INFO - Extracted 20 articles from https://techcrunch.com/feed/
2026-04-20 19:02:00,895 - src.crawler.web_crawler - INFO - Extracted 50 articles from https://www.wired.com/feed/rss
2026-04-20 19:02:01,097 - src.api.free_api_client - ERROR - Error fetching activity: Cannot connect to host www.boredapi.com:443 ssl:default [nodename nor servname provided, or not known]
2026-04-20 19:02:01,394 - src.api.free_api_client - ERROR - Error fetching quote: Cannot connect to host api.quotable.io:443 ssl:default [nodename nor servname provided, or not known]
2026-04-20 19:02:30,972 - src.api.free_api_client - ERROR - Error fetching trivia: 
2026-04-20 19:02:30,976 - src.api.free_api_client - ERROR - Error fetching Wikipedia: 
2026-04-20 19:02:30,976 - src.api.free_api_client - ERROR - Error fetching advice: 
2026-04-20 19:02:30,977 - src.api.free_api_client - ERROR - Error fetching joke: 
2026-04-20 19:02:30,978 - src.learning.continuous_learner - INFO - Fetched content from 0 free APIs
2026-04-20 19:02:30,993 - src.processor.content_processor - INFO - Processed 0/102 content items
2026-04-20 19:02:30,994 - src.learning.continuous_learner - INFO - Real-time learning completed: 0 items processed
2026-04-20 19:10:54,069 - src.learning.continuous_learner - INFO - Starting real-time learning...
2026-04-20 19:10:54,157 - src.crawler.web_crawler - WARNING - Feed parsing warning for https://feeds.bbci.co.uk/news/rss.xml: <urlopen error [Errno 8] nodename nor servname provided, or not known>
2026-04-20 19:10:54,157 - src.crawler.web_crawler - INFO - Extracted 0 articles from https://feeds.bbci.co.uk/news/rss.xml
2026-04-20 19:10:54,166 - src.crawler.web_crawler - WARNING - Feed parsing warning for https://rss.cnn.com/rss/edition.rss: <urlopen error [Errno 8] nodename nor servname provided, or not known>
2026-04-20 19:10:54,166 - src.crawler.web_crawler - INFO - Extracted 0 articles from https://rss.cnn.com/rss/edition.rss
2026-04-20 19:10:54,174 - src.crawler.web_crawler - WARNING - Feed parsing warning for https://feeds.reuters.com/reuters/topNews: <urlopen error [Errno 8] nodename nor servname provided, or not known>
2026-04-20 19:10:54,174 - src.crawler.web_crawler - INFO - Extracted 0 articles from https://feeds.reuters.com/reuters/topNews
2026-04-20 19:10:54,182 - src.crawler.web_crawler - WARNING - Feed parsing warning for https://techcrunch.com/feed/: <urlopen error [Errno 8] nodename nor servname provided, or not known>
2026-04-20 19:10:54,182 - src.crawler.web_crawler - INFO - Extracted 0 articles from https://techcrunch.com/feed/
2026-04-20 19:10:54,191 - src.crawler.web_crawler - WARNING - Feed parsing warning for https://www.wired.com/feed/rss: <urlopen error [Errno 8] nodename nor servname provided, or not known>
2026-04-20 19:10:54,191 - src.crawler.web_crawler - INFO - Extracted 0 articles from https://www.wired.com/feed/rss
2026-04-20 19:10:54,213 - src.api.free_api_client - ERROR - Error fetching advice: Cannot connect to host api.adviceslip.com:443 ssl:default [nodename nor servname provided, or not known]
2026-04-20 19:10:54,213 - src.api.free_api_client - ERROR - Error fetching joke: Cannot connect to host api.chucknorris.io:443 ssl:default [nodename nor servname provided, or not known]
2026-04-20 19:10:54,214 - src.api.free_api_client - ERROR - Error fetching quote: Cannot connect to host api.quotable.io:443 ssl:default [nodename nor servname provided, or not known]
2026-04-20 19:10:54,214 - src.api.free_api_client - ERROR - Error fetching Wikipedia: Cannot connect to host en.wikipedia.org:443 ssl:default [nodename nor servname provided, or not known]
2026-04-20 19:10:54,214 - src.api.free_api_client - ERROR - Error fetching activity: Cannot connect to host www.boredapi.com:443 ssl:default [nodename nor servname provided, or not known]
2026-04-20 19:10:54,214 - src.api.free_api_client - ERROR - Error fetching trivia: Cannot connect to host opentdb.com:443 ssl:default [nodename nor servname provided, or not known]
2026-04-20 19:10:54,214 - src.learning.continuous_learner - INFO - Fetched content from 0 free APIs
2026-04-20 19:10:54,216 - src.learning.continuous_learner - INFO - Real-time learning completed: 0 items processed
2026-04-20 19:18:11,894 - src.learning.continuous_learner - INFO - Starting real-time learning...
2026-04-20 19:18:13,317 - src.crawler.web_crawler - INFO - Extracted 33 articles from https://feeds.bbci.co.uk/news/rss.xml
2026-04-20 19:18:14,619 - src.crawler.web_crawler - WARNING - Feed parsing warning for https://rss.cnn.com/rss/edition.rss: <urlopen error [SSL: UNEXPECTED_EOF_WHILE_READING] EOF occurred in violation of protocol (_ssl.c:1081)>
2026-04-20 19:18:14,623 - src.crawler.web_crawler - INFO - Extracted 0 articles from https://rss.cnn.com/rss/edition.rss
2026-04-20 19:18:15,540 - src.crawler.web_crawler - WARNING - Feed parsing warning for https://feeds.reuters.com/reuters/topNews: <urlopen error Tunnel connection failed: 503 Service Unavailable>
2026-04-20 19:18:15,554 - src.crawler.web_crawler - INFO - Extracted 0 articles from https://feeds.reuters.com/reuters/topNews
2026-04-20 19:18:17,720 - src.crawler.web_crawler - INFO - Extracted 20 articles from https://techcrunch.com/feed/
2026-04-20 19:18:18,298 - src.crawler.web_crawler - INFO - Extracted 50 articles from https://www.wired.com/feed/rss
2026-04-20 19:18:18,470 - src.api.free_api_client - ERROR - Error fetching activity: Cannot connect to host www.boredapi.com:443 ssl:default [nodename nor servname provided, or not known]
2026-04-20 19:18:18,575 - src.api.free_api_client - ERROR - Error fetching quote: Cannot connect to host api.quotable.io:443 ssl:default [nodename nor servname provided, or not known]
2026-04-20 19:21:46,513 - src.api.free_api_client - ERROR - Error fetching advice: 
2026-04-20 19:21:46,516 - src.api.free_api_client - ERROR - Error fetching trivia: 
2026-04-20 19:21:46,516 - src.api.free_api_client - ERROR - Error fetching Wikipedia: 
2026-04-20 19:21:46,517 - src.api.free_api_client - ERROR - Error fetching joke: 
2026-04-20 19:21:46,519 - src.learning.continuous_learner - INFO - Fetched content from 0 free APIs
2026-04-20 19:21:51,629 - src.processor.content_processor - INFO - Processed 0/103 content items
2026-04-20 19:21:51,638 - src.learning.continuous_learner - INFO - Real-time learning completed: 0 items processed
2026-04-20 19:23:15,012 - src.learning.continuous_learner - INFO - Starting real-time learning...
2026-04-20 19:24:02,411 - src.crawler.web_crawler - INFO - Extracted 34 articles from https://feeds.bbci.co.uk/news/rss.xml
2026-04-20 19:24:03,698 - src.crawler.web_crawler - WARNING - Feed parsing warning for https://rss.cnn.com/rss/edition.rss: <urlopen error [SSL: UNEXPECTED_EOF_WHILE_READING] EOF occurred in violation of protocol (_ssl.c:1081)>
2026-04-20 19:24:03,698 - src.crawler.web_crawler - INFO - Extracted 0 articles from https://rss.cnn.com/rss/edition.rss
2026-04-20 19:24:03,718 - src.crawler.web_crawler - WARNING - Feed parsing warning for https://feeds.reuters.com/reuters/topNews: <urlopen error Tunnel connection failed: 503 Service Unavailable>
2026-04-20 19:24:03,718 - src.crawler.web_crawler - INFO - Extracted 0 articles from https://feeds.reuters.com/reuters/topNews
2026-04-20 19:24:03,982 - src.crawler.web_crawler - INFO - Extracted 20 articles from https://techcrunch.com/feed/
2026-04-20 19:24:04,247 - src.crawler.web_crawler - INFO - Extracted 50 articles from https://www.wired.com/feed/rss
2026-04-20 19:24:04,579 - src.api.free_api_client - ERROR - Error fetching activity: Cannot connect to host www.boredapi.com:443 ssl:default [nodename nor servname provided, or not known]
2026-04-20 19:24:05,228 - src.api.free_api_client - ERROR - Error fetching quote: Cannot connect to host api.quotable.io:443 ssl:default [nodename nor servname provided, or not known]
2026-04-20 19:25:24,095 - src.api.free_api_client - ERROR - Error fetching Wikipedia: 
2026-04-20 19:25:24,099 - src.api.free_api_client - ERROR - Error fetching advice: 
2026-04-20 19:25:24,100 - src.api.free_api_client - ERROR - Error fetching trivia: 
2026-04-20 19:25:24,100 - src.api.free_api_client - ERROR - Error fetching joke: 
2026-04-20 19:25:24,101 - src.learning.continuous_learner - INFO - Fetched content from 0 free APIs
2026-04-20 19:25:26,032 - src.processor.content_processor - INFO - Processed 1/104 content items
2026-04-20 19:25:26,033 - src.learning.continuous_learner - INFO - Real-time learning completed: 0 items processed
2026-04-20 19:29:17,810 - src.learning.continuous_learner - INFO - Starting real-time learning...
2026-04-20 19:29:18,136 - src.crawler.web_crawler - INFO - Extracted 34 articles from https://feeds.bbci.co.uk/news/rss.xml
2026-04-20 19:29:18,280 - src.crawler.web_crawler - WARNING - Feed parsing warning for https://rss.cnn.com/rss/edition.rss: <urlopen error [SSL: UNEXPECTED_EOF_WHILE_READING] EOF occurred in violation of protocol (_ssl.c:1081)>
2026-04-20 19:29:18,280 - src.crawler.web_crawler - INFO - Extracted 0 articles from https://rss.cnn.com/rss/edition.rss
2026-04-20 19:29:18,321 - src.crawler.web_crawler - WARNING - Feed parsing warning for https://feeds.reuters.com/reuters/topNews: <urlopen error Tunnel connection failed: 503 Service Unavailable>
2026-04-20 19:29:18,322 - src.crawler.web_crawler - INFO - Extracted 0 articles from https://feeds.reuters.com/reuters/topNews
2026-04-20 19:29:18,583 - src.crawler.web_crawler - INFO - Extracted 20 articles from https://techcrunch.com/feed/
2026-04-20 19:29:18,863 - src.crawler.web_crawler - INFO - Extracted 50 articles from https://www.wired.com/feed/rss
2026-04-20 19:30:11,747 - src.api.free_api_client - ERROR - Error fetching Wikipedia: Cannot connect to host en.wikipedia.org:443 ssl:default [nodename nor servname provided, or not known]
2026-04-20 19:30:11,749 - src.api.free_api_client - ERROR - Error fetching activity: Cannot connect to host www.boredapi.com:443 ssl:default [nodename nor servname provided, or not known]
2026-04-20 19:30:11,749 - src.api.free_api_client - ERROR - Error fetching quote: Cannot connect to host api.quotable.io:443 ssl:default [nodename nor servname provided, or not known]
2026-04-20 19:32:15,525 - src.api.free_api_client - ERROR - Error fetching trivia: 
2026-04-20 19:32:15,528 - src.api.free_api_client - ERROR - Error fetching advice: 
2026-04-20 19:32:15,529 - src.api.free_api_client - ERROR - Error fetching joke: 
2026-04-20 19:32:15,529 - src.learning.continuous_learner - INFO - Fetched content from 0 free APIs
2026-04-20 19:32:15,544 - src.processor.content_processor - INFO - Processed 0/104 content items
2026-04-20 19:32:15,545 - src.learning.continuous_learner - INFO - Real-time learning completed: 0 items processed
2026-04-20 19:38:27,214 - src.learning.continuous_learner - INFO - Starting real-time learning...
2026-04-20 19:38:27,851 - src.crawler.web_crawler - INFO - Extracted 34 articles from https://feeds.bbci.co.uk/news/rss.xml
2026-04-20 19:38:28,012 - src.crawler.web_crawler - WARNING - Feed parsing warning for https://rss.cnn.com/rss/edition.rss: <urlopen error [SSL: UNEXPECTED_EOF_WHILE_READING] EOF occurred in violation of protocol (_ssl.c:1081)>
2026-04-20 19:38:28,013 - src.crawler.web_crawler - INFO - Extracted 0 articles from https://rss.cnn.com/rss/edition.rss
2026-04-20 19:38:28,869 - src.crawler.web_crawler - WARNING - Feed parsing warning for https://feeds.reuters.com/reuters/topNews: <urlopen error Tunnel connection failed: 503 Service Unavailable>
2026-04-20 19:38:28,869 - src.crawler.web_crawler - INFO - Extracted 0 articles from https://feeds.reuters.com/reuters/topNews
2026-04-20 19:38:29,185 - src.crawler.web_crawler - INFO - Extracted 20 articles from https://techcrunch.com/feed/
2026-04-20 19:38:29,351 - src.crawler.web_crawler - INFO - Extracted 50 articles from https://www.wired.com/feed/rss
2026-04-20 19:38:29,613 - src.api.free_api_client - ERROR - Error fetching quote: Cannot connect to host api.quotable.io:443 ssl:default [nodename nor servname provided, or not known]
2026-04-20 19:38:29,744 - src.api.free_api_client - ERROR - Error fetching activity: Cannot connect to host www.boredapi.com:443 ssl:default [nodename nor servname provided, or not known]
2026-04-20 19:43:13,334 - src.api.free_api_client - ERROR - Error fetching Wikipedia: 
2026-04-20 19:43:13,338 - src.api.free_api_client - ERROR - Error fetching trivia: 
2026-04-20 19:43:13,339 - src.api.free_api_client - ERROR - Error fetching advice: 
2026-04-20 19:43:13,340 - src.api.free_api_client - ERROR - Error fetching joke: 
2026-04-20 19:43:13,341 - src.learning.continuous_learner - INFO - Fetched content from 0 free APIs
2026-04-20 19:43:15,194 - src.processor.content_processor - INFO - Processed 0/104 content items
2026-04-20 19:43:15,195 - src.learning.continuous_learner - INFO - Real-time learning completed: 0 items processed
2026-04-20 19:43:30,518 - src.learning.continuous_learner - INFO - Starting real-time learning...
2026-04-20 19:43:31,021 - src.crawler.web_crawler - INFO - Extracted 33 articles from https://feeds.bbci.co.uk/news/rss.xml
2026-04-20 19:43:31,187 - src.crawler.web_crawler - WARNING - Feed parsing warning for https://rss.cnn.com/rss/edition.rss: <urlopen error [SSL: UNEXPECTED_EOF_WHILE_READING] EOF occurred in violation of protocol (_ssl.c:1081)>
2026-04-20 19:43:31,188 - src.crawler.web_crawler - INFO - Extracted 0 articles from https://rss.cnn.com/rss/edition.rss
2026-04-20 19:43:31,309 - src.crawler.web_crawler - WARNING - Feed parsing warning for https://feeds.reuters.com/reuters/topNews: <urlopen error Tunnel connection failed: 503 Service Unavailable>
2026-04-20 19:43:31,309 - src.crawler.web_crawler - INFO - Extracted 0 articles from https://feeds.reuters.com/reuters/topNews
2026-04-20 19:43:31,894 - src.crawler.web_crawler - INFO - Extracted 20 articles from https://techcrunch.com/feed/
2026-04-20 19:43:32,417 - src.crawler.web_crawler - INFO - Extracted 50 articles from https://www.wired.com/feed/rss
2026-04-20 19:43:32,910 - src.api.free_api_client - ERROR - Error fetching activity: Cannot connect to host www.boredapi.com:443 ssl:default [nodename nor servname provided, or not known]
2026-04-20 19:43:32,910 - src.api.free_api_client - ERROR - Error fetching quote: Cannot connect to host api.quotable.io:443 ssl:default [nodename nor servname provided, or not known]
2026-04-20 19:50:55,733 - src.learning.continuous_learner - INFO - Starting real-time learning...
2026-04-20 19:50:55,761 - asyncio - ERROR - Unclosed client session
client_session: <aiohttp.client.ClientSession object at 0x1148e97f0>
2026-04-20 19:50:55,856 - src.crawler.web_crawler - WARNING - Feed parsing warning for https://feeds.bbci.co.uk/news/rss.xml: <urlopen error [Errno 8] nodename nor servname provided, or not known>
2026-04-20 19:50:55,856 - src.crawler.web_crawler - INFO - Extracted 0 articles from https://feeds.bbci.co.uk/news/rss.xml
2026-04-20 19:50:55,880 - src.crawler.web_crawler - WARNING - Feed parsing warning for https://rss.cnn.com/rss/edition.rss: <urlopen error [Errno 8] nodename nor servname provided, or not known>
2026-04-20 19:50:55,880 - src.crawler.web_crawler - INFO - Extracted 0 articles from https://rss.cnn.com/rss/edition.rss
2026-04-20 19:50:55,898 - src.crawler.web_crawler - WARNING - Feed parsing warning for https://feeds.reuters.com/reuters/topNews: <urlopen error [Errno 8] nodename nor servname provided, or not known>
2026-04-20 19:50:55,898 - src.crawler.web_crawler - INFO - Extracted 0 articles from https://feeds.reuters.com/reuters/topNews
2026-04-20 19:50:55,916 - src.crawler.web_crawler - WARNING - Feed parsing warning for https://techcrunch.com/feed/: <urlopen error [Errno 8] nodename nor servname provided, or not known>
2026-04-20 19:50:55,916 - src.crawler.web_crawler - INFO - Extracted 0 articles from https://techcrunch.com/feed/
2026-04-20 19:50:55,966 - src.crawler.web_crawler - WARNING - Feed parsing warning for https://www.wired.com/feed/rss: <urlopen error [Errno 8] nodename nor servname provided, or not known>
2026-04-20 19:50:55,966 - src.crawler.web_crawler - INFO - Extracted 0 articles from https://www.wired.com/feed/rss
2026-04-20 19:50:55,989 - src.api.free_api_client - ERROR - Error fetching Wikipedia: Cannot connect to host en.wikipedia.org:443 ssl:default [nodename nor servname provided, or not known]
2026-04-20 19:50:55,992 - src.api.free_api_client - ERROR - Error fetching trivia: Cannot connect to host opentdb.com:443 ssl:default [nodename nor servname provided, or not known]
2026-04-20 19:50:55,993 - src.api.free_api_client - ERROR - Error fetching quote: Cannot connect to host api.quotable.io:443 ssl:default [nodename nor servname provided, or not known]
2026-04-20 19:50:55,995 - src.api.free_api_client - ERROR - Error fetching activity: Cannot connect to host www.boredapi.com:443 ssl:default [nodename nor servname provided, or not known]
2026-04-20 19:50:56,013 - src.api.free_api_client - ERROR - Error fetching advice: Cannot connect to host api.adviceslip.com:443 ssl:default [nodename nor servname provided, or not known]
2026-04-20 19:50:56,015 - src.api.free_api_client - ERROR - Error fetching joke: Cannot connect to host api.chucknorris.io:443 ssl:default [nodename nor servname provided, or not known]
2026-04-20 19:50:56,018 - src.learning.continuous_learner - INFO - Fetched content from 0 free APIs
2026-04-20 19:50:56,031 - src.learning.continuous_learner - INFO - Real-time learning completed: 0 items processed
2026-04-20 19:50:58,526 - src.api.free_api_client - ERROR - Error fetching trivia: 
2026-04-20 19:50:58,527 - src.api.free_api_client - ERROR - Error fetching advice: 
2026-04-20 19:50:58,527 - src.api.free_api_client - ERROR - Error fetching Wikipedia: 
2026-04-20 19:50:58,528 - src.api.free_api_client - ERROR - Error fetching joke: 
2026-04-20 19:50:58,529 - src.learning.continuous_learner - INFO - Fetched content from 0 free APIs
2026-04-20 19:50:58,552 - src.processor.content_processor - INFO - Processed 0/103 content items
2026-04-20 19:50:58,553 - src.learning.continuous_learner - INFO - Real-time learning completed: 0 items processed
2026-04-20 19:55:55,783 - src.learning.continuous_learner - INFO - Starting real-time learning...
2026-04-20 19:55:56,466 - src.crawler.web_crawler - INFO - Extracted 35 articles from https://feeds.bbci.co.uk/news/rss.xml
2026-04-20 19:55:56,735 - src.crawler.web_crawler - WARNING - Feed parsing warning for https://rss.cnn.com/rss/edition.rss: <urlopen error [SSL: UNEXPECTED_EOF_WHILE_READING] EOF occurred in violation of protocol (_ssl.c:1081)>
2026-04-20 19:55:56,736 - src.crawler.web_crawler - INFO - Extracted 0 articles from https://rss.cnn.com/rss/edition.rss
2026-04-20 19:55:57,524 - src.crawler.web_crawler - WARNING - Feed parsing warning for https://feeds.reuters.com/reuters/topNews: <urlopen error Tunnel connection failed: 503 Service Unavailable>
2026-04-20 19:55:57,524 - src.crawler.web_crawler - INFO - Extracted 0 articles from https://feeds.reuters.com/reuters/topNews
2026-04-20 19:55:57,872 - src.crawler.web_crawler - INFO - Extracted 20 articles from https://techcrunch.com/feed/
2026-04-20 19:55:58,280 - src.crawler.web_crawler - INFO - Extracted 50 articles from https://www.wired.com/feed/rss
2026-04-20 19:55:58,657 - src.api.free_api_client - ERROR - Error fetching quote: Cannot connect to host api.quotable.io:443 ssl:default [nodename nor servname provided, or not known]
2026-04-20 19:55:58,748 - src.api.free_api_client - ERROR - Error fetching activity: Cannot connect to host www.boredapi.com:443 ssl:default [nodename nor servname provided, or not known]
2026-04-20 19:56:28,508 - src.api.free_api_client - ERROR - Error fetching Wikipedia: 
2026-04-20 19:56:28,514 - src.api.free_api_client - ERROR - Error fetching trivia: 
2026-04-20 19:56:28,518 - src.api.free_api_client - ERROR - Error fetching advice: 
2026-04-20 19:56:28,522 - src.api.free_api_client - ERROR - Error fetching joke: 
2026-04-20 19:56:28,523 - src.learning.continuous_learner - INFO - Fetched content from 0 free APIs
2026-04-20 19:56:33,779 - src.processor.content_processor - INFO - Processed 1/105 content items
2026-04-20 19:56:33,780 - src.learning.continuous_learner - INFO - Real-time learning completed: 0 items processed
2026-04-20 19:57:05,787 - src.learning.continuous_learner - INFO - Starting hourly learning...
2026-04-20 19:57:05,800 - src.crawler.web_crawler - INFO - Successfully crawled 0/4 URLs
2026-04-20 19:57:05,803 - src.learning.continuous_learner - INFO - Hourly learning completed: 4 URLs crawled
2026-04-20 20:00:55,840 - src.learning.continuous_learner - INFO - Starting real-time learning...
2026-04-20 20:00:57,134 - src.crawler.web_crawler - INFO - Extracted 35 articles from https://feeds.bbci.co.uk/news/rss.xml
2026-04-20 20:00:57,443 - src.crawler.web_crawler - WARNING - Feed parsing warning for https://rss.cnn.com/rss/edition.rss: <urlopen error [SSL: UNEXPECTED_EOF_WHILE_READING] EOF occurred in violation of protocol (_ssl.c:1081)>
2026-04-20 20:00:57,443 - src.crawler.web_crawler - INFO - Extracted 0 articles from https://rss.cnn.com/rss/edition.rss
2026-04-20 20:00:57,572 - src.crawler.web_crawler - WARNING - Feed parsing warning for https://feeds.reuters.com/reuters/topNews: <urlopen error Tunnel connection failed: 503 Service Unavailable>
2026-04-20 20:00:57,573 - src.crawler.web_crawler - INFO - Extracted 0 articles from https://feeds.reuters.com/reuters/topNews
2026-04-20 20:00:58,004 - src.crawler.web_crawler - INFO - Extracted 20 articles from https://techcrunch.com/feed/
2026-04-20 20:00:58,959 - src.crawler.web_crawler - INFO - Extracted 50 articles from https://www.wired.com/feed/rss
2026-04-20 20:00:59,364 - src.api.free_api_client - ERROR - Error fetching activity: Cannot connect to host www.boredapi.com:443 ssl:default [nodename nor servname provided, or not known]
2026-04-20 20:00:59,535 - src.api.free_api_client - ERROR - Error fetching quote: Cannot connect to host api.quotable.io:443 ssl:default [nodename nor servname provided, or not known]
2026-04-20 20:01:29,489 - src.api.free_api_client - ERROR - Error fetching advice: 
2026-04-20 20:01:29,491 - src.api.free_api_client - ERROR - Error fetching trivia: 
2026-04-20 20:01:29,492 - src.api.free_api_client - ERROR - Error fetching Wikipedia: 
2026-04-20 20:01:29,492 - src.api.free_api_client - ERROR - Error fetching joke: 
2026-04-20 20:01:29,493 - src.learning.continuous_learner - INFO - Fetched content from 0 free APIs
2026-04-20 20:01:29,504 - src.processor.content_processor - INFO - Processed 0/105 content items
2026-04-20 20:01:29,505 - src.learning.continuous_learner - INFO - Real-time learning completed: 0 items processed
2026-04-20 20:09:11,125 - src.learning.continuous_learner - INFO - Starting real-time learning...
2026-04-20 20:09:11,233 - src.crawler.web_crawler - WARNING - Feed parsing warning for https://feeds.bbci.co.uk/news/rss.xml: <urlopen error [Errno 8] nodename nor servname provided, or not known>
2026-04-20 20:09:11,233 - src.crawler.web_crawler - INFO - Extracted 0 articles from https://feeds.bbci.co.uk/news/rss.xml
2026-04-20 20:09:11,242 - src.crawler.web_crawler - WARNING - Feed parsing warning for https://rss.cnn.com/rss/edition.rss: <urlopen error [Errno 8] nodename nor servname provided, or not known>
2026-04-20 20:09:11,242 - src.crawler.web_crawler - INFO - Extracted 0 articles from https://rss.cnn.com/rss/edition.rss
2026-04-20 20:09:11,250 - src.crawler.web_crawler - WARNING - Feed parsing warning for https://feeds.reuters.com/reuters/topNews: <urlopen error [Errno 8] nodename nor servname provided, or not known>
2026-04-20 20:09:11,250 - src.crawler.web_crawler - INFO - Extracted 0 articles from https://feeds.reuters.com/reuters/topNews
2026-04-20 20:09:11,258 - src.crawler.web_crawler - WARNING - Feed parsing warning for https://techcrunch.com/feed/: <urlopen error [Errno 8] nodename nor servname provided, or not known>
2026-04-20 20:09:11,258 - src.crawler.web_crawler - INFO - Extracted 0 articles from https://techcrunch.com/feed/
2026-04-20 20:09:11,266 - src.crawler.web_crawler - WARNING - Feed parsing warning for https://www.wired.com/feed/rss: <urlopen error [Errno 8] nodename nor servname provided, or not known>
2026-04-20 20:09:11,266 - src.crawler.web_crawler - INFO - Extracted 0 articles from https://www.wired.com/feed/rss
2026-04-20 20:09:11,283 - src.api.free_api_client - ERROR - Error fetching advice: Cannot connect to host api.adviceslip.com:443 ssl:default [nodename nor servname provided, or not known]
2026-04-20 20:09:11,283 - src.api.free_api_client - ERROR - Error fetching trivia: Cannot connect to host opentdb.com:443 ssl:default [nodename nor servname provided, or not known]
2026-04-20 20:09:11,283 - src.api.free_api_client - ERROR - Error fetching quote: Cannot connect to host api.quotable.io:443 ssl:default [nodename nor servname provided, or not known]
2026-04-20 20:09:11,283 - src.api.free_api_client - ERROR - Error fetching activity: Cannot connect to host www.boredapi.com:443 ssl:default [nodename nor servname provided, or not known]
2026-04-20 20:09:11,283 - src.api.free_api_client - ERROR - Error fetching joke: Cannot connect to host api.chucknorris.io:443 ssl:default [nodename nor servname provided, or not known]
2026-04-20 20:09:11,283 - src.api.free_api_client - ERROR - Error fetching Wikipedia: Cannot connect to host en.wikipedia.org:443 ssl:default [nodename nor servname provided, or not known]
2026-04-20 20:09:11,283 - src.learning.continuous_learner - INFO - Fetched content from 0 free APIs
2026-04-20 20:09:11,286 - src.learning.continuous_learner - INFO - Real-time learning completed: 0 items processed
2026-04-20 20:15:53,294 - src.learning.continuous_learner - INFO - Starting real-time learning...
2026-04-20 20:15:53,352 - src.crawler.web_crawler - WARNING - Feed parsing warning for https://feeds.bbci.co.uk/news/rss.xml: <urlopen error [Errno 8] nodename nor servname provided, or not known>
2026-04-20 20:15:53,353 - src.crawler.web_crawler - INFO - Extracted 0 articles from https://feeds.bbci.co.uk/news/rss.xml
2026-04-20 20:15:53,362 - src.crawler.web_crawler - WARNING - Feed parsing warning for https://rss.cnn.com/rss/edition.rss: <urlopen error [Errno 8] nodename nor servname provided, or not known>
2026-04-20 20:15:53,362 - src.crawler.web_crawler - INFO - Extracted 0 articles from https://rss.cnn.com/rss/edition.rss
2026-04-20 20:15:53,370 - src.crawler.web_crawler - WARNING - Feed parsing warning for https://feeds.reuters.com/reuters/topNews: <urlopen error [Errno 8] nodename nor servname provided, or not known>
2026-04-20 20:15:53,370 - src.crawler.web_crawler - INFO - Extracted 0 articles from https://feeds.reuters.com/reuters/topNews
2026-04-20 20:15:53,379 - src.crawler.web_crawler - WARNING - Feed parsing warning for https://techcrunch.com/feed/: <urlopen error [Errno 8] nodename nor servname provided, or not known>
2026-04-20 20:15:53,379 - src.crawler.web_crawler - INFO - Extracted 0 articles from https://techcrunch.com/feed/
2026-04-20 20:15:53,389 - src.crawler.web_crawler - WARNING - Feed parsing warning for https://www.wired.com/feed/rss: <urlopen error [Errno 8] nodename nor servname provided, or not known>
2026-04-20 20:15:53,389 - src.crawler.web_crawler - INFO - Extracted 0 articles from https://www.wired.com/feed/rss
2026-04-20 20:15:53,396 - src.api.free_api_client - ERROR - Error fetching quote: Cannot connect to host api.quotable.io:443 ssl:default [nodename nor servname provided, or not known]
2026-04-20 20:15:53,397 - src.api.free_api_client - ERROR - Error fetching advice: Cannot connect to host api.adviceslip.com:443 ssl:default [nodename nor servname provided, or not known]
2026-04-20 20:15:53,397 - src.api.free_api_client - ERROR - Error fetching trivia: Cannot connect to host opentdb.com:443 ssl:default [nodename nor servname provided, or not known]
2026-04-20 20:15:53,397 - src.api.free_api_client - ERROR - Error fetching activity: Cannot connect to host www.boredapi.com:443 ssl:default [nodename nor servname provided, or not known]
2026-04-20 20:15:53,397 - src.api.free_api_client - ERROR - Error fetching Wikipedia: Cannot connect to host en.wikipedia.org:443 ssl:default [nodename nor servname provided, or not known]
2026-04-20 20:15:53,397 - src.api.free_api_client - ERROR - Error fetching joke: Cannot connect to host api.chucknorris.io:443 ssl:default [nodename nor servname provided, or not known]
2026-04-20 20:15:53,397 - src.learning.continuous_learner - INFO - Fetched content from 0 free APIs
2026-04-20 20:15:53,398 - src.learning.continuous_learner - INFO - Real-time learning completed: 0 items processed
2026-04-20 20:52:30,040 - src.learning.continuous_learner - INFO - Starting real-time learning...
2026-04-20 20:52:30,070 - src.crawler.web_crawler - WARNING - Feed parsing warning for https://feeds.bbci.co.uk/news/rss.xml: <urlopen error [Errno 8] nodename nor servname provided, or not known>
2026-04-20 20:52:30,070 - src.crawler.web_crawler - INFO - Extracted 0 articles from https://feeds.bbci.co.uk/news/rss.xml
2026-04-20 20:52:30,086 - src.crawler.web_crawler - WARNING - Feed parsing warning for https://rss.cnn.com/rss/edition.rss: <urlopen error [Errno 8] nodename nor servname provided, or not known>
2026-04-20 20:52:30,086 - src.crawler.web_crawler - INFO - Extracted 0 articles from https://rss.cnn.com/rss/edition.rss
2026-04-20 20:52:30,099 - src.crawler.web_crawler - WARNING - Feed parsing warning for https://feeds.reuters.com/reuters/topNews: <urlopen error [Errno 8] nodename nor servname provided, or not known>
2026-04-20 20:52:30,099 - src.crawler.web_crawler - INFO - Extracted 0 articles from https://feeds.reuters.com/reuters/topNews
2026-04-20 20:52:30,112 - src.crawler.web_crawler - WARNING - Feed parsing warning for https://techcrunch.com/feed/: <urlopen error [Errno 8] nodename nor servname provided, or not known>
2026-04-20 20:52:30,112 - src.crawler.web_crawler - INFO - Extracted 0 articles from https://techcrunch.com/feed/
2026-04-20 20:52:30,124 - src.crawler.web_crawler - WARNING - Feed parsing warning for https://www.wired.com/feed/rss: <urlopen error [Errno 8] nodename nor servname provided, or not known>
2026-04-20 20:52:30,124 - src.crawler.web_crawler - INFO - Extracted 0 articles from https://www.wired.com/feed/rss
2026-04-20 20:52:30,128 - src.api.free_api_client - ERROR - Error fetching Wikipedia: Cannot connect to host en.wikipedia.org:443 ssl:default [nodename nor servname provided, or not known]
2026-04-20 20:52:30,129 - src.api.free_api_client - ERROR - Error fetching advice: Cannot connect to host api.adviceslip.com:443 ssl:default [nodename nor servname provided, or not known]
2026-04-20 20:52:30,132 - src.api.free_api_client - ERROR - Error fetching quote: Cannot connect to host api.quotable.io:443 ssl:default [nodename nor servname provided, or not known]
2026-04-20 20:52:30,132 - src.api.free_api_client - ERROR - Error fetching activity: Cannot connect to host www.boredapi.com:443 ssl:default [nodename nor servname provided, or not known]
2026-04-20 20:52:30,132 - src.api.free_api_client - ERROR - Error fetching joke: Cannot connect to host api.chucknorris.io:443 ssl:default [nodename nor servname provided, or not known]
2026-04-20 20:52:30,132 - src.api.free_api_client - ERROR - Error fetching trivia: Cannot connect to host opentdb.com:443 ssl:default [nodename nor servname provided, or not known]
2026-04-20 20:52:30,132 - src.learning.continuous_learner - INFO - Fetched content from 0 free APIs
2026-04-20 20:52:30,132 - src.learning.continuous_learner - INFO - Real-time learning completed: 0 items processed
2026-04-20 21:25:42,614 - src.learning.continuous_learner - INFO - Starting hourly learning...
2026-04-20 21:25:42,618 - src.learning.continuous_learner - INFO - Starting real-time learning...
2026-04-20 21:25:42,631 - src.crawler.web_crawler - WARNING - Feed parsing warning for https://feeds.bbci.co.uk/news/rss.xml: <urlopen error [Errno 8] nodename nor servname provided, or not known>
2026-04-20 21:25:42,631 - src.crawler.web_crawler - INFO - Extracted 0 articles from https://feeds.bbci.co.uk/news/rss.xml
2026-04-20 21:25:42,651 - src.crawler.web_crawler - WARNING - Feed parsing warning for https://rss.cnn.com/rss/edition.rss: <urlopen error [Errno 8] nodename nor servname provided, or not known>
2026-04-20 21:25:42,651 - src.crawler.web_crawler - INFO - Extracted 0 articles from https://rss.cnn.com/rss/edition.rss
2026-04-20 21:25:42,679 - src.crawler.web_crawler - WARNING - Feed parsing warning for https://feeds.reuters.com/reuters/topNews: <urlopen error [Errno 8] nodename nor servname provided, or not known>
2026-04-20 21:25:42,680 - src.crawler.web_crawler - INFO - Extracted 0 articles from https://feeds.reuters.com/reuters/topNews
2026-04-20 21:25:42,700 - src.crawler.web_crawler - WARNING - Feed parsing warning for https://techcrunch.com/feed/: <urlopen error [Errno 8] nodename nor servname provided, or not known>
2026-04-20 21:25:42,702 - src.crawler.web_crawler - INFO - Extracted 0 articles from https://techcrunch.com/feed/
2026-04-20 21:25:42,721 - src.crawler.web_crawler - WARNING - Feed parsing warning for https://www.wired.com/feed/rss: <urlopen error [Errno 8] nodename nor servname provided, or not known>
2026-04-20 21:25:42,721 - src.crawler.web_crawler - INFO - Extracted 0 articles from https://www.wired.com/feed/rss
2026-04-20 21:25:42,739 - src.crawler.web_crawler - INFO - Successfully crawled 0/4 URLs
2026-04-20 21:25:42,740 - src.learning.continuous_learner - INFO - Hourly learning completed: 4 URLs crawled
2026-04-20 21:25:42,744 - src.api.free_api_client - ERROR - Error fetching trivia: Cannot connect to host opentdb.com:443 ssl:default [nodename nor servname provided, or not known]
2026-04-20 21:25:42,745 - src.api.free_api_client - ERROR - Error fetching quote: Cannot connect to host api.quotable.io:443 ssl:default [nodename nor servname provided, or not known]
2026-04-20 21:25:42,746 - src.api.free_api_client - ERROR - Error fetching joke: Cannot connect to host api.chucknorris.io:443 ssl:default [nodename nor servname provided, or not known]
2026-04-20 21:25:42,746 - src.api.free_api_client - ERROR - Error fetching Wikipedia: Cannot connect to host en.wikipedia.org:443 ssl:default [nodename nor servname provided, or not known]
2026-04-20 21:25:42,746 - src.api.free_api_client - ERROR - Error fetching activity: Cannot connect to host www.boredapi.com:443 ssl:default [nodename nor servname provided, or not known]
2026-04-20 21:25:42,747 - src.api.free_api_client - ERROR - Error fetching advice: Cannot connect to host api.adviceslip.com:443 ssl:default [nodename nor servname provided, or not known]
2026-04-20 21:25:42,747 - src.learning.continuous_learner - INFO - Fetched content from 0 free APIs
2026-04-20 21:25:42,747 - src.learning.continuous_learner - INFO - Real-time learning completed: 0 items processed
2026-04-20 21:30:57,315 - src.learning.continuous_learner - INFO - Starting real-time learning...
2026-04-20 21:30:57,377 - src.crawler.web_crawler - WARNING - Feed parsing warning for https://feeds.bbci.co.uk/news/rss.xml: <urlopen error [Errno 8] nodename nor servname provided, or not known>
2026-04-20 21:30:57,377 - src.crawler.web_crawler - INFO - Extracted 0 articles from https://feeds.bbci.co.uk/news/rss.xml
2026-04-20 21:30:57,390 - src.crawler.web_crawler - WARNING - Feed parsing warning for https://rss.cnn.com/rss/edition.rss: <urlopen error [Errno 8] nodename nor servname provided, or not known>
2026-04-20 21:30:57,390 - src.crawler.web_crawler - INFO - Extracted 0 articles from https://rss.cnn.com/rss/edition.rss
2026-04-20 21:30:57,400 - src.crawler.web_crawler - WARNING - Feed parsing warning for https://feeds.reuters.com/reuters/topNews: <urlopen error [Errno 8] nodename nor servname provided, or not known>
2026-04-20 21:30:57,400 - src.crawler.web_crawler - INFO - Extracted 0 articles from https://feeds.reuters.com/reuters/topNews
2026-04-20 21:30:57,409 - src.crawler.web_crawler - WARNING - Feed parsing warning for https://techcrunch.com/feed/: <urlopen error [Errno 8] nodename nor servname provided, or not known>
2026-04-20 21:30:57,409 - src.crawler.web_crawler - INFO - Extracted 0 articles from https://techcrunch.com/feed/
2026-04-20 21:30:57,424 - src.crawler.web_crawler - WARNING - Feed parsing warning for https://www.wired.com/feed/rss: <urlopen error [Errno 8] nodename nor servname provided, or not known>
2026-04-20 21:30:57,424 - src.crawler.web_crawler - INFO - Extracted 0 articles from https://www.wired.com/feed/rss
2026-04-20 21:30:57,432 - src.api.free_api_client - ERROR - Error fetching Wikipedia: Cannot connect to host en.wikipedia.org:443 ssl:default [nodename nor servname provided, or not known]
2026-04-20 21:30:57,433 - src.api.free_api_client - ERROR - Error fetching quote: Cannot connect to host api.quotable.io:443 ssl:default [nodename nor servname provided, or not known]
2026-04-20 21:30:57,434 - src.api.free_api_client - ERROR - Error fetching joke: Cannot connect to host api.chucknorris.io:443 ssl:default [nodename nor servname provided, or not known]
2026-04-20 21:30:57,434 - src.api.free_api_client - ERROR - Error fetching trivia: Cannot connect to host opentdb.com:443 ssl:default [nodename nor servname provided, or not known]
2026-04-20 21:30:57,434 - src.api.free_api_client - ERROR - Error fetching activity: Cannot connect to host www.boredapi.com:443 ssl:default [nodename nor servname provided, or not known]
2026-04-20 21:30:57,435 - src.api.free_api_client - ERROR - Error fetching advice: Cannot connect to host api.adviceslip.com:443 ssl:default [nodename nor servname provided, or not known]
2026-04-20 21:30:57,435 - src.learning.continuous_learner - INFO - Fetched content from 0 free APIs
2026-04-20 21:30:57,436 - src.learning.continuous_learner - INFO - Real-time learning completed: 0 items processed
2026-04-20 21:51:21,771 - src.learning.continuous_learner - INFO - Starting real-time learning...
2026-04-20 21:51:21,786 - src.crawler.web_crawler - WARNING - Feed parsing warning for https://feeds.bbci.co.uk/news/rss.xml: <urlopen error [Errno 8] nodename nor servname provided, or not known>
2026-04-20 21:51:21,786 - src.crawler.web_crawler - INFO - Extracted 0 articles from https://feeds.bbci.co.uk/news/rss.xml
2026-04-20 21:51:21,800 - src.crawler.web_crawler - WARNING - Feed parsing warning for https://rss.cnn.com/rss/edition.rss: <urlopen error [Errno 8] nodename nor servname provided, or not known>
2026-04-20 21:51:21,800 - src.crawler.web_crawler - INFO - Extracted 0 articles from https://rss.cnn.com/rss/edition.rss
2026-04-20 21:51:21,807 - src.crawler.web_crawler - WARNING - Feed parsing warning for https://feeds.reuters.com/reuters/topNews: <urlopen error [Errno 8] nodename nor servname provided, or not known>
2026-04-20 21:51:21,807 - src.crawler.web_crawler - INFO - Extracted 0 articles from https://feeds.reuters.com/reuters/topNews
2026-04-20 21:51:21,818 - src.crawler.web_crawler - WARNING - Feed parsing warning for https://techcrunch.com/feed/: <urlopen error [Errno 8] nodename nor servname provided, or not known>
2026-04-20 21:51:21,818 - src.crawler.web_crawler - INFO - Extracted 0 articles from https://techcrunch.com/feed/
2026-04-20 21:51:21,828 - src.crawler.web_crawler - WARNING - Feed parsing warning for https://www.wired.com/feed/rss: <urlopen error [Errno 8] nodename nor servname provided, or not known>
2026-04-20 21:51:21,829 - src.crawler.web_crawler - INFO - Extracted 0 articles from https://www.wired.com/feed/rss
2026-04-20 21:51:21,841 - src.api.free_api_client - ERROR - Error fetching advice: Cannot connect to host api.adviceslip.com:443 ssl:default [nodename nor servname provided, or not known]
2026-04-20 21:51:21,841 - src.api.free_api_client - ERROR - Error fetching quote: Cannot connect to host api.quotable.io:443 ssl:default [nodename nor servname provided, or not known]
2026-04-20 21:51:21,842 - src.api.free_api_client - ERROR - Error fetching trivia: Cannot connect to host opentdb.com:443 ssl:default [nodename nor servname provided, or not known]
2026-04-20 21:51:21,842 - src.api.free_api_client - ERROR - Error fetching Wikipedia: Cannot connect to host en.wikipedia.org:443 ssl:default [nodename nor servname provided, or not known]
2026-04-20 21:51:21,842 - src.api.free_api_client - ERROR - Error fetching activity: Cannot connect to host www.boredapi.com:443 ssl:default [nodename nor servname provided, or not known]
2026-04-20 21:51:21,842 - src.api.free_api_client - ERROR - Error fetching joke: Cannot connect to host api.chucknorris.io:443 ssl:default [nodename nor servname provided, or not known]
2026-04-20 21:51:21,843 - src.learning.continuous_learner - INFO - Fetched content from 0 free APIs
2026-04-20 21:51:21,846 - src.learning.continuous_learner - INFO - Real-time learning completed: 0 items processed
2026-04-20 22:03:15,489 - src.learning.continuous_learner - INFO - Starting real-time learning...
2026-04-20 22:03:15,519 - src.crawler.web_crawler - WARNING - Feed parsing warning for https://feeds.bbci.co.uk/news/rss.xml: <urlopen error [Errno 8] nodename nor servname provided, or not known>
2026-04-20 22:03:15,519 - src.crawler.web_crawler - INFO - Extracted 0 articles from https://feeds.bbci.co.uk/news/rss.xml
2026-04-20 22:03:15,536 - src.crawler.web_crawler - WARNING - Feed parsing warning for https://rss.cnn.com/rss/edition.rss: <urlopen error [Errno 8] nodename nor servname provided, or not known>
2026-04-20 22:03:15,536 - src.crawler.web_crawler - INFO - Extracted 0 articles from https://rss.cnn.com/rss/edition.rss
2026-04-20 22:03:15,552 - src.crawler.web_crawler - WARNING - Feed parsing warning for https://feeds.reuters.com/reuters/topNews: <urlopen error [Errno 8] nodename nor servname provided, or not known>
2026-04-20 22:03:15,552 - src.crawler.web_crawler - INFO - Extracted 0 articles from https://feeds.reuters.com/reuters/topNews
2026-04-20 22:03:15,563 - src.crawler.web_crawler - WARNING - Feed parsing warning for https://techcrunch.com/feed/: <urlopen error [Errno 8] nodename nor servname provided, or not known>
2026-04-20 22:03:15,564 - src.crawler.web_crawler - INFO - Extracted 0 articles from https://techcrunch.com/feed/
2026-04-20 22:03:15,574 - src.crawler.web_crawler - WARNING - Feed parsing warning for https://www.wired.com/feed/rss: <urlopen error [Errno 8] nodename nor servname provided, or not known>
2026-04-20 22:03:15,574 - src.crawler.web_crawler - INFO - Extracted 0 articles from https://www.wired.com/feed/rss
2026-04-20 22:03:15,580 - src.api.free_api_client - ERROR - Error fetching activity: Cannot connect to host www.boredapi.com:443 ssl:default [nodename nor servname provided, or not known]
2026-04-20 22:03:15,580 - src.api.free_api_client - ERROR - Error fetching Wikipedia: Cannot connect to host en.wikipedia.org:443 ssl:default [nodename nor servname provided, or not known]
2026-04-20 22:03:15,580 - src.api.free_api_client - ERROR - Error fetching joke: Cannot connect to host api.chucknorris.io:443 ssl:default [nodename nor servname provided, or not known]
2026-04-20 22:03:15,580 - src.api.free_api_client - ERROR - Error fetching quote: Cannot connect to host api.quotable.io:443 ssl:default [nodename nor servname provided, or not known]
2026-04-20 22:03:15,580 - src.api.free_api_client - ERROR - Error fetching trivia: Cannot connect to host opentdb.com:443 ssl:default [nodename nor servname provided, or not known]
2026-04-20 22:03:15,580 - src.api.free_api_client - ERROR - Error fetching advice: Cannot connect to host api.adviceslip.com:443 ssl:default [nodename nor servname provided, or not known]
2026-04-20 22:03:15,580 - src.learning.continuous_learner - INFO - Fetched content from 0 free APIs
2026-04-20 22:03:15,581 - src.learning.continuous_learner - INFO - Real-time learning completed: 0 items processed
2026-04-20 22:09:27,358 - src.learning.continuous_learner - INFO - Starting real-time learning...
2026-04-20 22:09:27,500 - src.crawler.web_crawler - WARNING - Feed parsing warning for https://feeds.bbci.co.uk/news/rss.xml: <urlopen error [Errno 8] nodename nor servname provided, or not known>
2026-04-20 22:09:27,501 - src.crawler.web_crawler - INFO - Extracted 0 articles from https://feeds.bbci.co.uk/news/rss.xml
2026-04-20 22:09:27,540 - src.crawler.web_crawler - WARNING - Feed parsing warning for https://rss.cnn.com/rss/edition.rss: <urlopen error [Errno 8] nodename nor servname provided, or not known>
2026-04-20 22:09:27,541 - src.crawler.web_crawler - INFO - Extracted 0 articles from https://rss.cnn.com/rss/edition.rss
2026-04-20 22:09:27,561 - src.crawler.web_crawler - WARNING - Feed parsing warning for https://feeds.reuters.com/reuters/topNews: <urlopen error [Errno 8] nodename nor servname provided, or not known>
2026-04-20 22:09:27,561 - src.crawler.web_crawler - INFO - Extracted 0 articles from https://feeds.reuters.com/reuters/topNews
2026-04-20 22:09:27,577 - src.crawler.web_crawler - WARNING - Feed parsing warning for https://techcrunch.com/feed/: <urlopen error [Errno 8] nodename nor servname provided, or not known>
2026-04-20 22:09:27,577 - src.crawler.web_crawler - INFO - Extracted 0 articles from https://techcrunch.com/feed/
2026-04-20 22:09:27,588 - src.crawler.web_crawler - WARNING - Feed parsing warning for https://www.wired.com/feed/rss: <urlopen error [Errno 8] nodename nor servname provided, or not known>
2026-04-20 22:09:27,588 - src.crawler.web_crawler - INFO - Extracted 0 articles from https://www.wired.com/feed/rss
2026-04-20 22:09:27,601 - src.api.free_api_client - ERROR - Error fetching advice: Cannot connect to host api.adviceslip.com:443 ssl:default [nodename nor servname provided, or not known]
2026-04-20 22:09:27,602 - src.api.free_api_client - ERROR - Error fetching activity: Cannot connect to host www.boredapi.com:443 ssl:default [nodename nor servname provided, or not known]
2026-04-20 22:09:27,603 - src.api.free_api_client - ERROR - Error fetching joke: Cannot connect to host api.chucknorris.io:443 ssl:default [nodename nor servname provided, or not known]
2026-04-20 22:09:27,603 - src.api.free_api_client - ERROR - Error fetching trivia: Cannot connect to host opentdb.com:443 ssl:default [nodename nor servname provided, or not known]
2026-04-20 22:09:27,603 - src.api.free_api_client - ERROR - Error fetching quote: Cannot connect to host api.quotable.io:443 ssl:default [nodename nor servname provided, or not known]
2026-04-20 22:09:27,603 - src.api.free_api_client - ERROR - Error fetching Wikipedia: Cannot connect to host en.wikipedia.org:443 ssl:default [nodename nor servname provided, or not known]
2026-04-20 22:09:27,603 - src.learning.continuous_learner - INFO - Fetched content from 0 free APIs
2026-04-20 22:09:27,605 - src.learning.continuous_learner - INFO - Real-time learning completed: 0 items processed
2026-04-20 22:14:27,410 - src.learning.continuous_learner - INFO - Starting real-time learning...
2026-04-20 22:14:28,324 - src.crawler.web_crawler - INFO - Extracted 36 articles from https://feeds.bbci.co.uk/news/rss.xml
2026-04-20 22:14:28,885 - src.crawler.web_crawler - WARNING - Feed parsing warning for https://rss.cnn.com/rss/edition.rss: <urlopen error [SSL: UNEXPECTED_EOF_WHILE_READING] EOF occurred in violation of protocol (_ssl.c:1081)>
2026-04-20 22:14:28,885 - src.crawler.web_crawler - INFO - Extracted 0 articles from https://rss.cnn.com/rss/edition.rss
2026-04-20 22:14:32,796 - src.crawler.web_crawler - WARNING - Feed parsing warning for https://feeds.reuters.com/reuters/topNews: <urlopen error Tunnel connection failed: 503 Service Unavailable>
2026-04-20 22:14:32,797 - src.crawler.web_crawler - INFO - Extracted 0 articles from https://feeds.reuters.com/reuters/topNews
2026-04-20 22:14:33,383 - src.crawler.web_crawler - INFO - Extracted 20 articles from https://techcrunch.com/feed/
2026-04-20 22:14:34,135 - src.crawler.web_crawler - INFO - Extracted 50 articles from https://www.wired.com/feed/rss
2026-04-20 22:14:34,497 - src.api.free_api_client - ERROR - Error fetching activity: Cannot connect to host www.boredapi.com:443 ssl:default [nodename nor servname provided, or not known]
2026-04-20 22:14:34,659 - src.api.free_api_client - ERROR - Error fetching quote: Cannot connect to host api.quotable.io:443 ssl:default [nodename nor servname provided, or not known]
2026-04-20 22:15:04,875 - src.api.free_api_client - ERROR - Error fetching advice: 
2026-04-20 22:15:04,877 - src.api.free_api_client - ERROR - Error fetching trivia: 
2026-04-20 22:15:04,878 - src.api.free_api_client - ERROR - Error fetching Wikipedia: 
2026-04-20 22:15:04,879 - src.api.free_api_client - ERROR - Error fetching joke: 
2026-04-20 22:15:04,879 - src.learning.continuous_learner - INFO - Fetched content from 0 free APIs
2026-04-20 22:15:10,478 - src.processor.content_processor - INFO - Processed 3/106 content items
2026-04-20 22:15:10,479 - src.learning.continuous_learner - INFO - Real-time learning completed: 0 items processed
2026-04-20 22:19:30,537 - src.learning.continuous_learner - INFO - Starting real-time learning...
2026-04-20 22:19:31,574 - src.crawler.web_crawler - INFO - Extracted 36 articles from https://feeds.bbci.co.uk/news/rss.xml
2026-04-20 22:19:31,706 - src.crawler.web_crawler - WARNING - Feed parsing warning for https://rss.cnn.com/rss/edition.rss: <urlopen error [SSL: UNEXPECTED_EOF_WHILE_READING] EOF occurred in violation of protocol (_ssl.c:1081)>
2026-04-20 22:19:31,706 - src.crawler.web_crawler - INFO - Extracted 0 articles from https://rss.cnn.com/rss/edition.rss
2026-04-20 22:19:31,728 - src.crawler.web_crawler - WARNING - Feed parsing warning for https://feeds.reuters.com/reuters/topNews: <urlopen error Tunnel connection failed: 503 Service Unavailable>
2026-04-20 22:19:31,728 - src.crawler.web_crawler - INFO - Extracted 0 articles from https://feeds.reuters.com/reuters/topNews
2026-04-20 22:19:31,943 - src.crawler.web_crawler - INFO - Extracted 20 articles from https://techcrunch.com/feed/
2026-04-20 22:19:32,173 - src.crawler.web_crawler - INFO - Extracted 50 articles from https://www.wired.com/feed/rss
2026-04-20 22:19:32,448 - src.api.free_api_client - ERROR - Error fetching activity: Cannot connect to host www.boredapi.com:443 ssl:default [nodename nor servname provided, or not known]
2026-04-20 22:19:32,902 - src.api.free_api_client - ERROR - Error fetching quote: Cannot connect to host api.quotable.io:443 ssl:default [nodename nor servname provided, or not known]
2026-04-20 22:20:02,865 - src.api.free_api_client - ERROR - Error fetching trivia: 
2026-04-20 22:20:02,868 - src.api.free_api_client - ERROR - Error fetching Wikipedia: 
2026-04-20 22:20:02,869 - src.api.free_api_client - ERROR - Error fetching advice: 
2026-04-20 22:20:02,870 - src.api.free_api_client - ERROR - Error fetching joke: 
2026-04-20 22:20:02,870 - src.learning.continuous_learner - INFO - Fetched content from 0 free APIs
2026-04-20 22:20:02,889 - src.processor.content_processor - INFO - Processed 0/106 content items
2026-04-20 22:20:02,891 - src.learning.continuous_learner - INFO - Real-time learning completed: 0 items processed
2026-04-20 22:24:30,594 - src.learning.continuous_learner - INFO - Starting real-time learning...
2026-04-20 22:24:31,191 - src.crawler.web_crawler - INFO - Extracted 36 articles from https://feeds.bbci.co.uk/news/rss.xml
2026-04-20 22:24:31,319 - src.crawler.web_crawler - WARNING - Feed parsing warning for https://rss.cnn.com/rss/edition.rss: <urlopen error [SSL: UNEXPECTED_EOF_WHILE_READING] EOF occurred in violation of protocol (_ssl.c:1081)>
2026-04-20 22:24:31,319 - src.crawler.web_crawler - INFO - Extracted 0 articles from https://rss.cnn.com/rss/edition.rss
2026-04-20 22:24:31,346 - src.crawler.web_crawler - WARNING - Feed parsing warning for https://feeds.reuters.com/reuters/topNews: <urlopen error Tunnel connection failed: 503 Service Unavailable>
2026-04-20 22:24:31,346 - src.crawler.web_crawler - INFO - Extracted 0 articles from https://feeds.reuters.com/reuters/topNews
2026-04-20 22:24:31,590 - src.crawler.web_crawler - INFO - Extracted 20 articles from https://techcrunch.com/feed/
2026-04-20 22:24:31,727 - src.crawler.web_crawler - INFO - Extracted 50 articles from https://www.wired.com/feed/rss
2026-04-20 22:24:31,961 - src.api.free_api_client - ERROR - Error fetching activity: Cannot connect to host www.boredapi.com:443 ssl:default [nodename nor servname provided, or not known]
2026-04-20 22:24:32,266 - src.api.free_api_client - ERROR - Error fetching quote: Cannot connect to host api.quotable.io:443 ssl:default [nodename nor servname provided, or not known]
2026-04-20 22:25:01,850 - src.api.free_api_client - ERROR - Error fetching trivia: 
2026-04-20 22:25:01,853 - src.api.free_api_client - ERROR - Error fetching Wikipedia: 
2026-04-20 22:25:01,854 - src.api.free_api_client - ERROR - Error fetching advice: 
2026-04-20 22:25:01,854 - src.api.free_api_client - ERROR - Error fetching joke: 
2026-04-20 22:25:01,855 - src.learning.continuous_learner - INFO - Fetched content from 0 free APIs
2026-04-20 22:25:05,738 - src.processor.content_processor - INFO - Processed 0/106 content items
2026-04-20 22:25:05,741 - src.learning.continuous_learner - INFO - Real-time learning completed: 0 items processed
2026-04-20 22:25:50,604 - src.learning.continuous_learner - INFO - Starting hourly learning...
2026-04-20 22:25:50,615 - src.crawler.web_crawler - INFO - Successfully crawled 0/4 URLs
2026-04-20 22:25:50,617 - src.learning.continuous_learner - INFO - Hourly learning completed: 4 URLs crawled
2026-04-20 22:29:30,661 - src.learning.continuous_learner - INFO - Starting real-time learning...
2026-04-20 22:29:31,242 - src.crawler.web_crawler - INFO - Extracted 36 articles from https://feeds.bbci.co.uk/news/rss.xml
2026-04-20 22:29:31,418 - src.crawler.web_crawler - WARNING - Feed parsing warning for https://rss.cnn.com/rss/edition.rss: <urlopen error [SSL: UNEXPECTED_EOF_WHILE_READING] EOF occurred in violation of protocol (_ssl.c:1081)>
2026-04-20 22:29:31,418 - src.crawler.web_crawler - INFO - Extracted 0 articles from https://rss.cnn.com/rss/edition.rss
2026-04-20 22:29:31,446 - src.crawler.web_crawler - WARNING - Feed parsing warning for https://feeds.reuters.com/reuters/topNews: <urlopen error Tunnel connection failed: 503 Service Unavailable>
2026-04-20 22:29:31,446 - src.crawler.web_crawler - INFO - Extracted 0 articles from https://feeds.reuters.com/reuters/topNews
2026-04-20 22:29:31,693 - src.crawler.web_crawler - INFO - Extracted 20 articles from https://techcrunch.com/feed/
2026-04-20 22:29:31,914 - src.crawler.web_crawler - INFO - Extracted 50 articles from https://www.wired.com/feed/rss
2026-04-20 22:29:32,083 - src.api.free_api_client - ERROR - Error fetching activity: Cannot connect to host www.boredapi.com:443 ssl:default [nodename nor servname provided, or not known]
2026-04-20 22:29:32,179 - src.api.free_api_client - ERROR - Error fetching quote: Cannot connect to host api.quotable.io:443 ssl:default [nodename nor servname provided, or not known]
2026-04-20 22:30:02,840 - src.api.free_api_client - ERROR - Error fetching trivia: 
2026-04-20 22:30:02,842 - src.api.free_api_client - ERROR - Error fetching Wikipedia: 
2026-04-20 22:30:02,844 - src.api.free_api_client - ERROR - Error fetching advice: 
2026-04-20 22:30:02,845 - src.api.free_api_client - ERROR - Error fetching joke: 
2026-04-20 22:30:02,846 - src.learning.continuous_learner - INFO - Fetched content from 0 free APIs
2026-04-20 22:30:07,103 - src.processor.content_processor - INFO - Processed 0/106 content items
2026-04-20 22:30:07,109 - src.learning.continuous_learner - INFO - Real-time learning completed: 0 items processed
2026-04-20 22:34:30,720 - src.learning.continuous_learner - INFO - Starting real-time learning...
2026-04-20 22:34:31,470 - src.crawler.web_crawler - INFO - Extracted 36 articles from https://feeds.bbci.co.uk/news/rss.xml
2026-04-20 22:34:31,670 - src.crawler.web_crawler - WARNING - Feed parsing warning for https://rss.cnn.com/rss/edition.rss: <urlopen error [SSL: UNEXPECTED_EOF_WHILE_READING] EOF occurred in violation of protocol (_ssl.c:1081)>
2026-04-20 22:34:31,671 - src.crawler.web_crawler - INFO - Extracted 0 articles from https://rss.cnn.com/rss/edition.rss
2026-04-20 22:34:31,693 - src.crawler.web_crawler - WARNING - Feed parsing warning for https://feeds.reuters.com/reuters/topNews: <urlopen error Tunnel connection failed: 503 Service Unavailable>
2026-04-20 22:34:31,693 - src.crawler.web_crawler - INFO - Extracted 0 articles from https://feeds.reuters.com/reuters/topNews
2026-04-20 22:34:31,927 - src.crawler.web_crawler - INFO - Extracted 20 articles from https://techcrunch.com/feed/
2026-04-20 22:34:32,143 - src.crawler.web_crawler - INFO - Extracted 50 articles from https://www.wired.com/feed/rss
2026-04-20 22:34:32,299 - src.api.free_api_client - ERROR - Error fetching activity: Cannot connect to host www.boredapi.com:443 ssl:default [nodename nor servname provided, or not known]
2026-04-20 22:34:32,457 - src.api.free_api_client - ERROR - Error fetching quote: Cannot connect to host api.quotable.io:443 ssl:default [nodename nor servname provided, or not known]
2026-04-20 22:35:02,830 - src.api.free_api_client - ERROR - Error fetching trivia: 
2026-04-20 22:35:02,835 - src.api.free_api_client - ERROR - Error fetching Wikipedia: 
2026-04-20 22:35:02,835 - src.api.free_api_client - ERROR - Error fetching advice: 
2026-04-20 22:35:02,836 - src.api.free_api_client - ERROR - Error fetching joke: 
2026-04-20 22:35:02,836 - src.learning.continuous_learner - INFO - Fetched content from 0 free APIs
2026-04-20 22:35:06,445 - src.processor.content_processor - INFO - Processed 0/106 content items
2026-04-20 22:35:06,450 - src.learning.continuous_learner - INFO - Real-time learning completed: 0 items processed
2026-04-20 22:39:30,797 - src.learning.continuous_learner - INFO - Starting real-time learning...
2026-04-20 22:39:32,243 - src.crawler.web_crawler - INFO - Extracted 36 articles from https://feeds.bbci.co.uk/news/rss.xml
2026-04-20 22:39:32,435 - src.crawler.web_crawler - WARNING - Feed parsing warning for https://rss.cnn.com/rss/edition.rss: <urlopen error [SSL: UNEXPECTED_EOF_WHILE_READING] EOF occurred in violation of protocol (_ssl.c:1081)>
2026-04-20 22:39:32,436 - src.crawler.web_crawler - INFO - Extracted 0 articles from https://rss.cnn.com/rss/edition.rss
2026-04-20 22:39:34,239 - src.crawler.web_crawler - WARNING - Feed parsing warning for https://feeds.reuters.com/reuters/topNews: <urlopen error Tunnel connection failed: 503 Service Unavailable>
2026-04-20 22:39:34,245 - src.crawler.web_crawler - INFO - Extracted 0 articles from https://feeds.reuters.com/reuters/topNews
2026-04-20 22:39:34,536 - src.crawler.web_crawler - INFO - Extracted 20 articles from https://techcrunch.com/feed/
2026-04-20 22:39:34,785 - src.crawler.web_crawler - INFO - Extracted 50 articles from https://www.wired.com/feed/rss
2026-04-20 22:39:35,056 - src.api.free_api_client - ERROR - Error fetching activity: Cannot connect to host www.boredapi.com:443 ssl:default [nodename nor servname provided, or not known]
2026-04-20 22:39:35,128 - src.api.free_api_client - ERROR - Error fetching quote: Cannot connect to host api.quotable.io:443 ssl:default [nodename nor servname provided, or not known]
2026-04-20 22:40:04,816 - src.api.free_api_client - ERROR - Error fetching Wikipedia: 
2026-04-20 22:40:04,818 - src.api.free_api_client - ERROR - Error fetching advice: 
2026-04-20 22:40:04,820 - src.api.free_api_client - ERROR - Error fetching trivia: 
2026-04-20 22:40:04,820 - src.api.free_api_client - ERROR - Error fetching joke: 
2026-04-20 22:40:04,821 - src.learning.continuous_learner - INFO - Fetched content from 0 free APIs
2026-04-20 22:40:08,782 - src.processor.content_processor - INFO - Processed 0/106 content items
2026-04-20 22:40:08,786 - src.learning.continuous_learner - INFO - Real-time learning completed: 0 items processed
2026-04-20 22:44:30,838 - src.learning.continuous_learner - INFO - Starting real-time learning...
2026-04-20 22:44:31,433 - src.crawler.web_crawler - INFO - Extracted 36 articles from https://feeds.bbci.co.uk/news/rss.xml
2026-04-20 22:44:31,738 - src.crawler.web_crawler - WARNING - Feed parsing warning for https://rss.cnn.com/rss/edition.rss: <urlopen error [SSL: UNEXPECTED_EOF_WHILE_READING] EOF occurred in violation of protocol (_ssl.c:1081)>
2026-04-20 22:44:31,738 - src.crawler.web_crawler - INFO - Extracted 0 articles from https://rss.cnn.com/rss/edition.rss
2026-04-20 22:44:31,772 - src.crawler.web_crawler - WARNING - Feed parsing warning for https://feeds.reuters.com/reuters/topNews: <urlopen error Tunnel connection failed: 503 Service Unavailable>
2026-04-20 22:44:31,773 - src.crawler.web_crawler - INFO - Extracted 0 articles from https://feeds.reuters.com/reuters/topNews
2026-04-20 22:44:32,034 - src.crawler.web_crawler - INFO - Extracted 20 articles from https://techcrunch.com/feed/
2026-04-20 22:44:32,202 - src.crawler.web_crawler - INFO - Extracted 50 articles from https://www.wired.com/feed/rss
2026-04-20 22:44:32,361 - src.api.free_api_client - ERROR - Error fetching activity: Cannot connect to host www.boredapi.com:443 ssl:default [nodename nor servname provided, or not known]
2026-04-20 22:44:32,641 - src.api.free_api_client - ERROR - Error fetching quote: Cannot connect to host api.quotable.io:443 ssl:default [nodename nor servname provided, or not known]
2026-04-20 22:45:02,802 - src.api.free_api_client - ERROR - Error fetching trivia: 
2026-04-20 22:45:02,805 - src.api.free_api_client - ERROR - Error fetching Wikipedia: 
2026-04-20 22:45:02,806 - src.api.free_api_client - ERROR - Error fetching advice: 
2026-04-20 22:45:02,807 - src.api.free_api_client - ERROR - Error fetching joke: 
2026-04-20 22:45:02,807 - src.learning.continuous_learner - INFO - Fetched content from 0 free APIs
2026-04-20 22:45:02,827 - src.processor.content_processor - INFO - Processed 0/106 content items
2026-04-20 22:45:02,829 - src.learning.continuous_learner - INFO - Real-time learning completed: 0 items processed
2026-04-20 22:49:30,883 - src.learning.continuous_learner - INFO - Starting real-time learning...
2026-04-20 22:49:31,398 - src.crawler.web_crawler - INFO - Extracted 36 articles from https://feeds.bbci.co.uk/news/rss.xml
2026-04-20 22:49:31,719 - src.crawler.web_crawler - WARNING - Feed parsing warning for https://rss.cnn.com/rss/edition.rss: <urlopen error [SSL: UNEXPECTED_EOF_WHILE_READING] EOF occurred in violation of protocol (_ssl.c:1081)>
2026-04-20 22:49:31,719 - src.crawler.web_crawler - INFO - Extracted 0 articles from https://rss.cnn.com/rss/edition.rss
2026-04-20 22:49:31,752 - src.crawler.web_crawler - WARNING - Feed parsing warning for https://feeds.reuters.com/reuters/topNews: <urlopen error Tunnel connection failed: 503 Service Unavailable>
2026-04-20 22:49:31,752 - src.crawler.web_crawler - INFO - Extracted 0 articles from https://feeds.reuters.com/reuters/topNews
2026-04-20 22:49:32,000 - src.crawler.web_crawler - INFO - Extracted 20 articles from https://techcrunch.com/feed/
2026-04-20 22:49:32,340 - src.crawler.web_crawler - INFO - Extracted 50 articles from https://www.wired.com/feed/rss
2026-04-20 22:49:32,536 - src.api.free_api_client - ERROR - Error fetching activity: Cannot connect to host www.boredapi.com:443 ssl:default [nodename nor servname provided, or not known]
2026-04-20 22:49:32,575 - src.api.free_api_client - ERROR - Error fetching quote: Cannot connect to host api.quotable.io:443 ssl:default [nodename nor servname provided, or not known]
2026-04-20 22:50:02,789 - src.api.free_api_client - ERROR - Error fetching trivia: 
2026-04-20 22:50:02,793 - src.api.free_api_client - ERROR - Error fetching Wikipedia: 
2026-04-20 22:50:02,794 - src.api.free_api_client - ERROR - Error fetching advice: 
2026-04-20 22:50:02,795 - src.api.free_api_client - ERROR - Error fetching joke: 
2026-04-20 22:50:02,795 - src.learning.continuous_learner - INFO - Fetched content from 0 free APIs
2026-04-20 22:50:06,722 - src.processor.content_processor - INFO - Processed 1/106 content items
2026-04-20 22:50:06,727 - src.learning.continuous_learner - INFO - Real-time learning completed: 0 items processed
2026-04-20 22:54:30,907 - src.learning.continuous_learner - INFO - Starting real-time learning...
2026-04-20 22:54:31,497 - src.crawler.web_crawler - INFO - Extracted 36 articles from https://feeds.bbci.co.uk/news/rss.xml
2026-04-20 22:54:31,668 - src.crawler.web_crawler - WARNING - Feed parsing warning for https://rss.cnn.com/rss/edition.rss: <urlopen error [SSL: UNEXPECTED_EOF_WHILE_READING] EOF occurred in violation of protocol (_ssl.c:1081)>
2026-04-20 22:54:31,669 - src.crawler.web_crawler - INFO - Extracted 0 articles from https://rss.cnn.com/rss/edition.rss
2026-04-20 22:54:31,702 - src.crawler.web_crawler - WARNING - Feed parsing warning for https://feeds.reuters.com/reuters/topNews: <urlopen error Tunnel connection failed: 503 Service Unavailable>
2026-04-20 22:54:31,702 - src.crawler.web_crawler - INFO - Extracted 0 articles from https://feeds.reuters.com/reuters/topNews
2026-04-20 22:54:32,557 - src.crawler.web_crawler - INFO - Extracted 20 articles from https://techcrunch.com/feed/
2026-04-20 22:54:32,744 - src.crawler.web_crawler - INFO - Extracted 50 articles from https://www.wired.com/feed/rss
2026-04-20 22:54:32,867 - src.api.free_api_client - ERROR - Error fetching activity: Cannot connect to host www.boredapi.com:443 ssl:default [nodename nor servname provided, or not known]
2026-04-20 22:54:33,174 - src.api.free_api_client - ERROR - Error fetching quote: Cannot connect to host api.quotable.io:443 ssl:default [nodename nor servname provided, or not known]
2026-04-20 22:55:02,776 - src.api.free_api_client - ERROR - Error fetching trivia: 
2026-04-20 22:55:02,777 - src.api.free_api_client - ERROR - Error fetching advice: 
2026-04-20 22:55:02,778 - src.api.free_api_client - ERROR - Error fetching Wikipedia: 
2026-04-20 22:55:02,779 - src.api.free_api_client - ERROR - Error fetching joke: 
2026-04-20 22:55:02,780 - src.learning.continuous_learner - INFO - Fetched content from 0 free APIs
2026-04-20 22:55:02,795 - src.processor.content_processor - INFO - Processed 0/106 content items
2026-04-20 22:55:02,796 - src.learning.continuous_learner - INFO - Real-time learning completed: 0 items processed
2026-04-20 22:59:30,951 - src.learning.continuous_learner - INFO - Starting real-time learning...
2026-04-20 22:59:31,547 - src.crawler.web_crawler - INFO - Extracted 36 articles from https://feeds.bbci.co.uk/news/rss.xml
2026-04-20 22:59:31,704 - src.crawler.web_crawler - WARNING - Feed parsing warning for https://rss.cnn.com/rss/edition.rss: <urlopen error [SSL: UNEXPECTED_EOF_WHILE_READING] EOF occurred in violation of protocol (_ssl.c:1081)>
2026-04-20 22:59:31,704 - src.crawler.web_crawler - INFO - Extracted 0 articles from https://rss.cnn.com/rss/edition.rss
2026-04-20 22:59:31,845 - src.crawler.web_crawler - WARNING - Feed parsing warning for https://feeds.reuters.com/reuters/topNews: <urlopen error Tunnel connection failed: 503 Service Unavailable>
2026-04-20 22:59:31,845 - src.crawler.web_crawler - INFO - Extracted 0 articles from https://feeds.reuters.com/reuters/topNews
2026-04-20 22:59:32,105 - src.crawler.web_crawler - INFO - Extracted 20 articles from https://techcrunch.com/feed/
2026-04-20 22:59:32,341 - src.crawler.web_crawler - INFO - Extracted 50 articles from https://www.wired.com/feed/rss
2026-04-20 22:59:32,450 - src.api.free_api_client - ERROR - Error fetching activity: Cannot connect to host www.boredapi.com:443 ssl:default [nodename nor servname provided, or not known]
2026-04-20 22:59:32,733 - src.api.free_api_client - ERROR - Error fetching quote: Cannot connect to host api.quotable.io:443 ssl:default [nodename nor servname provided, or not known]
2026-04-20 23:00:02,763 - src.api.free_api_client - ERROR - Error fetching trivia: 
2026-04-20 23:00:02,766 - src.api.free_api_client - ERROR - Error fetching Wikipedia: 
2026-04-20 23:00:02,767 - src.api.free_api_client - ERROR - Error fetching advice: 
2026-04-20 23:00:02,768 - src.api.free_api_client - ERROR - Error fetching joke: 
2026-04-20 23:00:02,769 - src.learning.continuous_learner - INFO - Fetched content from 0 free APIs
2026-04-20 23:00:02,784 - src.processor.content_processor - INFO - Processed 0/106 content items
2026-04-20 23:00:02,784 - src.learning.continuous_learner - INFO - Real-time learning completed: 0 items processed
2026-04-20 23:04:30,984 - src.learning.continuous_learner - INFO - Starting real-time learning...
2026-04-20 23:04:31,483 - src.crawler.web_crawler - INFO - Extracted 35 articles from https://feeds.bbci.co.uk/news/rss.xml
2026-04-20 23:04:31,625 - src.crawler.web_crawler - WARNING - Feed parsing warning for https://rss.cnn.com/rss/edition.rss: <urlopen error [SSL: UNEXPECTED_EOF_WHILE_READING] EOF occurred in violation of protocol (_ssl.c:1081)>
2026-04-20 23:04:31,625 - src.crawler.web_crawler - INFO - Extracted 0 articles from https://rss.cnn.com/rss/edition.rss
2026-04-20 23:04:32,357 - src.crawler.web_crawler - WARNING - Feed parsing warning for https://feeds.reuters.com/reuters/topNews: <urlopen error Tunnel connection failed: 503 Service Unavailable>
2026-04-20 23:04:32,357 - src.crawler.web_crawler - INFO - Extracted 0 articles from https://feeds.reuters.com/reuters/topNews
2026-04-20 23:04:32,630 - src.crawler.web_crawler - INFO - Extracted 20 articles from https://techcrunch.com/feed/
2026-04-20 23:04:32,891 - src.crawler.web_crawler - INFO - Extracted 50 articles from https://www.wired.com/feed/rss
2026-04-20 23:04:33,148 - src.api.free_api_client - ERROR - Error fetching activity: Cannot connect to host www.boredapi.com:443 ssl:default [nodename nor servname provided, or not known]
2026-04-20 23:04:33,157 - src.api.free_api_client - ERROR - Error fetching quote: Cannot connect to host api.quotable.io:443 ssl:default [nodename nor servname provided, or not known]
2026-04-20 23:05:03,751 - src.api.free_api_client - ERROR - Error fetching trivia: 
2026-04-20 23:05:03,753 - src.api.free_api_client - ERROR - Error fetching Wikipedia: 
2026-04-20 23:05:03,754 - src.api.free_api_client - ERROR - Error fetching advice: 
2026-04-20 23:05:03,754 - src.api.free_api_client - ERROR - Error fetching joke: 
2026-04-20 23:05:03,755 - src.learning.continuous_learner - INFO - Fetched content from 0 free APIs
2026-04-20 23:05:06,387 - src.processor.content_processor - INFO - Processed 0/105 content items
2026-04-20 23:05:06,388 - src.learning.continuous_learner - INFO - Real-time learning completed: 0 items processed
2026-04-20 23:09:31,013 - src.learning.continuous_learner - INFO - Starting real-time learning...
2026-04-20 23:09:31,409 - src.crawler.web_crawler - INFO - Extracted 35 articles from https://feeds.bbci.co.uk/news/rss.xml
2026-04-20 23:09:31,545 - src.crawler.web_crawler - WARNING - Feed parsing warning for https://rss.cnn.com/rss/edition.rss: <urlopen error [SSL: UNEXPECTED_EOF_WHILE_READING] EOF occurred in violation of protocol (_ssl.c:1081)>
2026-04-20 23:09:31,545 - src.crawler.web_crawler - INFO - Extracted 0 articles from https://rss.cnn.com/rss/edition.rss
2026-04-20 23:09:32,198 - src.crawler.web_crawler - WARNING - Feed parsing warning for https://feeds.reuters.com/reuters/topNews: <urlopen error Tunnel connection failed: 503 Service Unavailable>
2026-04-20 23:09:32,200 - src.crawler.web_crawler - INFO - Extracted 0 articles from https://feeds.reuters.com/reuters/topNews
2026-04-20 23:09:32,477 - src.crawler.web_crawler - INFO - Extracted 20 articles from https://techcrunch.com/feed/
2026-04-20 23:09:32,707 - src.crawler.web_crawler - INFO - Extracted 50 articles from https://www.wired.com/feed/rss
2026-04-20 23:09:32,855 - src.api.free_api_client - ERROR - Error fetching quote: Cannot connect to host api.quotable.io:443 ssl:default [nodename nor servname provided, or not known]
2026-04-20 23:09:32,880 - src.api.free_api_client - ERROR - Error fetching activity: Cannot connect to host www.boredapi.com:443 ssl:default [nodename nor servname provided, or not known]
2026-04-20 23:10:02,737 - src.api.free_api_client - ERROR - Error fetching trivia: 
2026-04-20 23:10:02,740 - src.api.free_api_client - ERROR - Error fetching advice: 
2026-04-20 23:10:02,740 - src.api.free_api_client - ERROR - Error fetching Wikipedia: 
2026-04-20 23:10:02,741 - src.api.free_api_client - ERROR - Error fetching joke: 
2026-04-20 23:10:02,742 - src.learning.continuous_learner - INFO - Fetched content from 0 free APIs
2026-04-20 23:10:03,291 - src.processor.content_processor - INFO - Processed 0/105 content items
2026-04-20 23:10:03,291 - src.learning.continuous_learner - INFO - Real-time learning completed: 0 items processed
2026-04-20 23:14:31,046 - src.learning.continuous_learner - INFO - Starting real-time learning...
2026-04-20 23:14:32,175 - src.crawler.web_crawler - INFO - Extracted 35 articles from https://feeds.bbci.co.uk/news/rss.xml
2026-04-20 23:14:32,771 - src.crawler.web_crawler - WARNING - Feed parsing warning for https://rss.cnn.com/rss/edition.rss: <urlopen error [SSL: UNEXPECTED_EOF_WHILE_READING] EOF occurred in violation of protocol (_ssl.c:1081)>
2026-04-20 23:14:32,772 - src.crawler.web_crawler - INFO - Extracted 0 articles from https://rss.cnn.com/rss/edition.rss
2026-04-20 23:14:32,805 - src.crawler.web_crawler - WARNING - Feed parsing warning for https://feeds.reuters.com/reuters/topNews: <urlopen error Tunnel connection failed: 503 Service Unavailable>
2026-04-20 23:14:32,805 - src.crawler.web_crawler - INFO - Extracted 0 articles from https://feeds.reuters.com/reuters/topNews
2026-04-20 23:14:34,115 - src.crawler.web_crawler - INFO - Extracted 20 articles from https://techcrunch.com/feed/
2026-04-20 23:14:34,355 - src.crawler.web_crawler - INFO - Extracted 50 articles from https://www.wired.com/feed/rss
2026-04-20 23:14:34,547 - src.api.free_api_client - ERROR - Error fetching activity: Cannot connect to host www.boredapi.com:443 ssl:default [nodename nor servname provided, or not known]
2026-04-20 23:14:35,017 - src.api.free_api_client - ERROR - Error fetching quote: Cannot connect to host api.quotable.io:443 ssl:default [nodename nor servname provided, or not known]
2026-04-20 23:15:04,724 - src.api.free_api_client - ERROR - Error fetching advice: 
2026-04-20 23:15:04,726 - src.api.free_api_client - ERROR - Error fetching trivia: 
2026-04-20 23:15:04,726 - src.api.free_api_client - ERROR - Error fetching Wikipedia: 
2026-04-20 23:15:04,727 - src.api.free_api_client - ERROR - Error fetching joke: 
2026-04-20 23:15:04,727 - src.learning.continuous_learner - INFO - Fetched content from 0 free APIs
2026-04-20 23:15:04,742 - src.processor.content_processor - INFO - Processed 0/105 content items
2026-04-20 23:15:04,743 - src.learning.continuous_learner - INFO - Real-time learning completed: 0 items processed
2026-04-20 23:19:31,072 - src.learning.continuous_learner - INFO - Starting real-time learning...
2026-04-20 23:19:31,833 - src.crawler.web_crawler - INFO - Extracted 35 articles from https://feeds.bbci.co.uk/news/rss.xml
2026-04-20 23:19:31,961 - src.crawler.web_crawler - WARNING - Feed parsing warning for https://rss.cnn.com/rss/edition.rss: <urlopen error [SSL: UNEXPECTED_EOF_WHILE_READING] EOF occurred in violation of protocol (_ssl.c:1081)>
2026-04-20 23:19:31,961 - src.crawler.web_crawler - INFO - Extracted 0 articles from https://rss.cnn.com/rss/edition.rss
2026-04-20 23:19:31,987 - src.crawler.web_crawler - WARNING - Feed parsing warning for https://feeds.reuters.com/reuters/topNews: <urlopen error Tunnel connection failed: 503 Service Unavailable>
2026-04-20 23:19:31,987 - src.crawler.web_crawler - INFO - Extracted 0 articles from https://feeds.reuters.com/reuters/topNews
2026-04-20 23:19:34,418 - src.crawler.web_crawler - INFO - Extracted 20 articles from https://techcrunch.com/feed/
2026-04-20 23:19:34,914 - src.crawler.web_crawler - INFO - Extracted 50 articles from https://www.wired.com/feed/rss
2026-04-20 23:19:35,116 - src.api.free_api_client - ERROR - Error fetching activity: Cannot connect to host www.boredapi.com:443 ssl:default [nodename nor servname provided, or not known]
2026-04-20 23:19:35,241 - src.api.free_api_client - ERROR - Error fetching quote: Cannot connect to host api.quotable.io:443 ssl:default [nodename nor servname provided, or not known]
2026-04-20 23:20:05,712 - src.api.free_api_client - ERROR - Error fetching advice: 
2026-04-20 23:20:05,715 - src.api.free_api_client - ERROR - Error fetching trivia: 
2026-04-20 23:20:05,715 - src.api.free_api_client - ERROR - Error fetching Wikipedia: 
2026-04-20 23:20:05,716 - src.api.free_api_client - ERROR - Error fetching joke: 
2026-04-20 23:20:05,716 - src.learning.continuous_learner - INFO - Fetched content from 0 free APIs
2026-04-20 23:20:05,731 - src.processor.content_processor - INFO - Processed 0/105 content items
2026-04-20 23:20:05,732 - src.learning.continuous_learner - INFO - Real-time learning completed: 0 items processed
2026-04-20 23:24:31,108 - src.learning.continuous_learner - INFO - Starting real-time learning...
2026-04-20 23:24:31,854 - src.crawler.web_crawler - INFO - Extracted 35 articles from https://feeds.bbci.co.uk/news/rss.xml
2026-04-20 23:24:31,991 - src.crawler.web_crawler - WARNING - Feed parsing warning for https://rss.cnn.com/rss/edition.rss: <urlopen error [SSL: UNEXPECTED_EOF_WHILE_READING] EOF occurred in violation of protocol (_ssl.c:1081)>
2026-04-20 23:24:31,992 - src.crawler.web_crawler - INFO - Extracted 0 articles from https://rss.cnn.com/rss/edition.rss
2026-04-20 23:24:32,041 - src.crawler.web_crawler - WARNING - Feed parsing warning for https://feeds.reuters.com/reuters/topNews: <urlopen error Tunnel connection failed: 503 Service Unavailable>
2026-04-20 23:24:32,041 - src.crawler.web_crawler - INFO - Extracted 0 articles from https://feeds.reuters.com/reuters/topNews
2026-04-20 23:24:32,293 - src.crawler.web_crawler - INFO - Extracted 20 articles from https://techcrunch.com/feed/
2026-04-20 23:24:32,530 - src.crawler.web_crawler - INFO - Extracted 50 articles from https://www.wired.com/feed/rss
2026-04-20 23:24:32,850 - src.api.free_api_client - ERROR - Error fetching activity: Cannot connect to host www.boredapi.com:443 ssl:default [nodename nor servname provided, or not known]
2026-04-20 23:24:33,027 - src.api.free_api_client - ERROR - Error fetching quote: Cannot connect to host api.quotable.io:443 ssl:default [nodename nor servname provided, or not known]
2026-04-20 23:25:02,701 - src.api.free_api_client - ERROR - Error fetching trivia: 
2026-04-20 23:25:02,703 - src.api.free_api_client - ERROR - Error fetching Wikipedia: 
2026-04-20 23:25:02,703 - src.api.free_api_client - ERROR - Error fetching advice: 
2026-04-20 23:25:02,704 - src.api.free_api_client - ERROR - Error fetching joke: 
2026-04-20 23:25:02,704 - src.learning.continuous_learner - INFO - Fetched content from 0 free APIs
2026-04-20 23:25:06,153 - src.processor.content_processor - INFO - Processed 0/105 content items
2026-04-20 23:25:06,154 - src.learning.continuous_learner - INFO - Real-time learning completed: 0 items processed
2026-04-20 23:25:51,119 - src.learning.continuous_learner - INFO - Starting hourly learning...
2026-04-20 23:25:51,133 - src.crawler.web_crawler - INFO - Successfully crawled 0/4 URLs
2026-04-20 23:25:51,134 - src.learning.continuous_learner - INFO - Hourly learning completed: 4 URLs crawled
2026-04-20 23:29:31,149 - src.learning.continuous_learner - INFO - Starting real-time learning...
2026-04-20 23:29:31,687 - src.crawler.web_crawler - INFO - Extracted 35 articles from https://feeds.bbci.co.uk/news/rss.xml
2026-04-20 23:29:31,831 - src.crawler.web_crawler - WARNING - Feed parsing warning for https://rss.cnn.com/rss/edition.rss: <urlopen error [SSL: UNEXPECTED_EOF_WHILE_READING] EOF occurred in violation of protocol (_ssl.c:1081)>
2026-04-20 23:29:31,831 - src.crawler.web_crawler - INFO - Extracted 0 articles from https://rss.cnn.com/rss/edition.rss
2026-04-20 23:29:32,698 - src.crawler.web_crawler - WARNING - Feed parsing warning for https://feeds.reuters.com/reuters/topNews: <urlopen error Tunnel connection failed: 503 Service Unavailable>
2026-04-20 23:29:32,698 - src.crawler.web_crawler - INFO - Extracted 0 articles from https://feeds.reuters.com/reuters/topNews
2026-04-20 23:29:32,980 - src.crawler.web_crawler - INFO - Extracted 20 articles from https://techcrunch.com/feed/
2026-04-20 23:29:33,313 - src.crawler.web_crawler - INFO - Extracted 50 articles from https://www.wired.com/feed/rss
2026-04-20 23:29:33,480 - src.api.free_api_client - ERROR - Error fetching activity: Cannot connect to host www.boredapi.com:443 ssl:default [nodename nor servname provided, or not known]
2026-04-20 23:29:33,899 - src.api.free_api_client - ERROR - Error fetching quote: Cannot connect to host api.quotable.io:443 ssl:default [nodename nor servname provided, or not known]
2026-04-20 23:30:03,690 - src.api.free_api_client - ERROR - Error fetching Wikipedia: 
2026-04-20 23:30:03,693 - src.api.free_api_client - ERROR - Error fetching trivia: 
2026-04-20 23:30:03,693 - src.api.free_api_client - ERROR - Error fetching advice: 
2026-04-20 23:30:03,695 - src.api.free_api_client - ERROR - Error fetching joke: 
2026-04-20 23:30:03,695 - src.learning.continuous_learner - INFO - Fetched content from 0 free APIs
2026-04-20 23:30:06,101 - src.processor.content_processor - INFO - Processed 1/105 content items
2026-04-20 23:30:06,103 - src.learning.continuous_learner - INFO - Real-time learning completed: 0 items processed
2026-04-20 23:34:31,225 - src.learning.continuous_learner - INFO - Starting real-time learning...
2026-04-20 23:34:31,988 - src.crawler.web_crawler - INFO - Extracted 36 articles from https://feeds.bbci.co.uk/news/rss.xml
2026-04-20 23:34:32,125 - src.crawler.web_crawler - WARNING - Feed parsing warning for https://rss.cnn.com/rss/edition.rss: <urlopen error [SSL: UNEXPECTED_EOF_WHILE_READING] EOF occurred in violation of protocol (_ssl.c:1081)>
2026-04-20 23:34:32,126 - src.crawler.web_crawler - INFO - Extracted 0 articles from https://rss.cnn.com/rss/edition.rss
2026-04-20 23:34:32,156 - src.crawler.web_crawler - WARNING - Feed parsing warning for https://feeds.reuters.com/reuters/topNews: <urlopen error Tunnel connection failed: 503 Service Unavailable>
2026-04-20 23:34:32,156 - src.crawler.web_crawler - INFO - Extracted 0 articles from https://feeds.reuters.com/reuters/topNews
2026-04-20 23:34:32,446 - src.crawler.web_crawler - INFO - Extracted 20 articles from https://techcrunch.com/feed/
2026-04-20 23:34:32,682 - src.crawler.web_crawler - INFO - Extracted 50 articles from https://www.wired.com/feed/rss
2026-04-20 23:34:32,974 - src.api.free_api_client - ERROR - Error fetching quote: Cannot connect to host api.quotable.io:443 ssl:default [nodename nor servname provided, or not known]
2026-04-20 23:34:33,961 - src.api.free_api_client - ERROR - Error fetching activity: Cannot connect to host www.boredapi.com:443 ssl:default [nodename nor servname provided, or not known]
2026-04-20 23:35:03,677 - src.api.free_api_client - ERROR - Error fetching trivia: 
2026-04-20 23:35:03,678 - src.api.free_api_client - ERROR - Error fetching Wikipedia: 
2026-04-20 23:35:03,679 - src.api.free_api_client - ERROR - Error fetching advice: 
2026-04-20 23:35:03,679 - src.api.free_api_client - ERROR - Error fetching joke: 
2026-04-20 23:35:03,679 - src.learning.continuous_learner - INFO - Fetched content from 0 free APIs
2026-04-20 23:35:06,931 - src.processor.content_processor - INFO - Processed 0/106 content items
2026-04-20 23:35:06,934 - src.learning.continuous_learner - INFO - Real-time learning completed: 0 items processed
2026-04-20 23:39:31,279 - src.learning.continuous_learner - INFO - Starting real-time learning...
2026-04-20 23:39:31,797 - src.crawler.web_crawler - INFO - Extracted 35 articles from https://feeds.bbci.co.uk/news/rss.xml
2026-04-20 23:39:31,929 - src.crawler.web_crawler - WARNING - Feed parsing warning for https://rss.cnn.com/rss/edition.rss: <urlopen error [SSL: UNEXPECTED_EOF_WHILE_READING] EOF occurred in violation of protocol (_ssl.c:1081)>
2026-04-20 23:39:31,929 - src.crawler.web_crawler - INFO - Extracted 0 articles from https://rss.cnn.com/rss/edition.rss
2026-04-20 23:39:31,962 - src.crawler.web_crawler - WARNING - Feed parsing warning for https://feeds.reuters.com/reuters/topNews: <urlopen error Tunnel connection failed: 503 Service Unavailable>
2026-04-20 23:39:31,963 - src.crawler.web_crawler - INFO - Extracted 0 articles from https://feeds.reuters.com/reuters/topNews
2026-04-20 23:39:33,340 - src.crawler.web_crawler - INFO - Extracted 20 articles from https://techcrunch.com/feed/
2026-04-20 23:39:33,636 - src.crawler.web_crawler - INFO - Extracted 50 articles from https://www.wired.com/feed/rss
2026-04-20 23:39:33,809 - src.api.free_api_client - ERROR - Error fetching activity: Cannot connect to host www.boredapi.com:443 ssl:default [nodename nor servname provided, or not known]
2026-04-20 23:39:34,013 - src.api.free_api_client - ERROR - Error fetching quote: Cannot connect to host api.quotable.io:443 ssl:default [nodename nor servname provided, or not known]
2026-04-20 23:40:03,674 - src.api.free_api_client - ERROR - Error fetching trivia: 
2026-04-20 23:40:03,676 - src.api.free_api_client - ERROR - Error fetching advice: 
2026-04-20 23:40:03,677 - src.api.free_api_client - ERROR - Error fetching Wikipedia: 
2026-04-20 23:40:03,677 - src.api.free_api_client - ERROR - Error fetching joke: 
2026-04-20 23:40:03,677 - src.learning.continuous_learner - INFO - Fetched content from 0 free APIs
2026-04-20 23:40:03,697 - src.processor.content_processor - INFO - Processed 0/105 content items
2026-04-20 23:40:03,700 - src.learning.continuous_learner - INFO - Real-time learning completed: 0 items processed
2026-04-20 23:44:31,305 - src.learning.continuous_learner - INFO - Starting real-time learning...
2026-04-20 23:44:31,899 - src.crawler.web_crawler - INFO - Extracted 35 articles from https://feeds.bbci.co.uk/news/rss.xml
2026-04-20 23:44:32,038 - src.crawler.web_crawler - WARNING - Feed parsing warning for https://rss.cnn.com/rss/edition.rss: <urlopen error [SSL: UNEXPECTED_EOF_WHILE_READING] EOF occurred in violation of protocol (_ssl.c:1081)>
2026-04-20 23:44:32,038 - src.crawler.web_crawler - INFO - Extracted 0 articles from https://rss.cnn.com/rss/edition.rss
2026-04-20 23:44:32,068 - src.crawler.web_crawler - WARNING - Feed parsing warning for https://feeds.reuters.com/reuters/topNews: <urlopen error Tunnel connection failed: 503 Service Unavailable>
2026-04-20 23:44:32,068 - src.crawler.web_crawler - INFO - Extracted 0 articles from https://feeds.reuters.com/reuters/topNews
2026-04-20 23:44:32,338 - src.crawler.web_crawler - INFO - Extracted 20 articles from https://techcrunch.com/feed/
2026-04-20 23:44:32,478 - src.crawler.web_crawler - INFO - Extracted 50 articles from https://www.wired.com/feed/rss
2026-04-20 23:44:32,633 - src.api.free_api_client - ERROR - Error fetching activity: Cannot connect to host www.boredapi.com:443 ssl:default [nodename nor servname provided, or not known]
2026-04-20 23:44:32,738 - src.api.free_api_client - ERROR - Error fetching quote: Cannot connect to host api.quotable.io:443 ssl:default [nodename nor servname provided, or not known]
2026-04-20 23:45:02,650 - src.api.free_api_client - ERROR - Error fetching trivia: 
2026-04-20 23:45:02,651 - src.api.free_api_client - ERROR - Error fetching Wikipedia: 
2026-04-20 23:45:02,651 - src.api.free_api_client - ERROR - Error fetching advice: 
2026-04-20 23:45:02,652 - src.api.free_api_client - ERROR - Error fetching joke: 
2026-04-20 23:45:02,652 - src.learning.continuous_learner - INFO - Fetched content from 0 free APIs
2026-04-20 23:45:05,798 - src.processor.content_processor - INFO - Processed 0/105 content items
2026-04-20 23:45:05,800 - src.learning.continuous_learner - INFO - Real-time learning completed: 0 items processed
2026-04-20 23:51:13,209 - src.learning.continuous_learner - INFO - Starting real-time learning...
2026-04-20 23:51:13,266 - src.crawler.web_crawler - WARNING - Feed parsing warning for https://feeds.bbci.co.uk/news/rss.xml: <urlopen error [Errno 8] nodename nor servname provided, or not known>
2026-04-20 23:51:13,266 - src.crawler.web_crawler - INFO - Extracted 0 articles from https://feeds.bbci.co.uk/news/rss.xml
2026-04-20 23:51:13,277 - src.crawler.web_crawler - WARNING - Feed parsing warning for https://rss.cnn.com/rss/edition.rss: <urlopen error [Errno 8] nodename nor servname provided, or not known>
2026-04-20 23:51:13,277 - src.crawler.web_crawler - INFO - Extracted 0 articles from https://rss.cnn.com/rss/edition.rss
2026-04-20 23:51:13,286 - src.crawler.web_crawler - WARNING - Feed parsing warning for https://feeds.reuters.com/reuters/topNews: <urlopen error [Errno 8] nodename nor servname provided, or not known>
2026-04-20 23:51:13,286 - src.crawler.web_crawler - INFO - Extracted 0 articles from https://feeds.reuters.com/reuters/topNews
2026-04-20 23:51:13,296 - src.crawler.web_crawler - WARNING - Feed parsing warning for https://techcrunch.com/feed/: <urlopen error [Errno 8] nodename nor servname provided, or not known>
2026-04-20 23:51:13,296 - src.crawler.web_crawler - INFO - Extracted 0 articles from https://techcrunch.com/feed/
2026-04-20 23:51:13,303 - src.crawler.web_crawler - WARNING - Feed parsing warning for https://www.wired.com/feed/rss: <urlopen error [Errno 8] nodename nor servname provided, or not known>
2026-04-20 23:51:13,303 - src.crawler.web_crawler - INFO - Extracted 0 articles from https://www.wired.com/feed/rss
2026-04-20 23:51:13,312 - src.api.free_api_client - ERROR - Error fetching joke: Cannot connect to host api.chucknorris.io:443 ssl:default [nodename nor servname provided, or not known]
2026-04-20 23:51:13,312 - src.api.free_api_client - ERROR - Error fetching trivia: Cannot connect to host opentdb.com:443 ssl:default [nodename nor servname provided, or not known]
2026-04-20 23:51:13,313 - src.api.free_api_client - ERROR - Error fetching advice: Cannot connect to host api.adviceslip.com:443 ssl:default [nodename nor servname provided, or not known]
2026-04-20 23:51:13,313 - src.api.free_api_client - ERROR - Error fetching activity: Cannot connect to host www.boredapi.com:443 ssl:default [nodename nor servname provided, or not known]
2026-04-20 23:51:13,313 - src.api.free_api_client - ERROR - Error fetching Wikipedia: Cannot connect to host en.wikipedia.org:443 ssl:default [nodename nor servname provided, or not known]
2026-04-20 23:51:13,313 - src.api.free_api_client - ERROR - Error fetching quote: Cannot connect to host api.quotable.io:443 ssl:default [nodename nor servname provided, or not known]
2026-04-20 23:51:13,313 - src.learning.continuous_learner - INFO - Fetched content from 0 free APIs
2026-04-20 23:51:13,314 - src.learning.continuous_learner - INFO - Real-time learning completed: 0 items processed
2026-04-20 23:56:22,382 - src.learning.continuous_learner - INFO - Starting real-time learning...
2026-04-20 23:56:23,275 - src.crawler.web_crawler - INFO - Extracted 35 articles from https://feeds.bbci.co.uk/news/rss.xml
2026-04-20 23:56:23,559 - src.crawler.web_crawler - WARNING - Feed parsing warning for https://rss.cnn.com/rss/edition.rss: <urlopen error [SSL: UNEXPECTED_EOF_WHILE_READING] EOF occurred in violation of protocol (_ssl.c:1081)>
2026-04-20 23:56:23,559 - src.crawler.web_crawler - INFO - Extracted 0 articles from https://rss.cnn.com/rss/edition.rss
2026-04-20 23:56:24,351 - src.crawler.web_crawler - WARNING - Feed parsing warning for https://feeds.reuters.com/reuters/topNews: <urlopen error Tunnel connection failed: 503 Service Unavailable>
2026-04-20 23:56:24,352 - src.crawler.web_crawler - INFO - Extracted 0 articles from https://feeds.reuters.com/reuters/topNews
2026-04-20 23:56:25,731 - src.crawler.web_crawler - INFO - Extracted 20 articles from https://techcrunch.com/feed/
2026-04-20 23:56:26,070 - src.crawler.web_crawler - INFO - Extracted 50 articles from https://www.wired.com/feed/rss
2026-04-20 23:56:26,422 - src.api.free_api_client - ERROR - Error fetching activity: Cannot connect to host www.boredapi.com:443 ssl:default [nodename nor servname provided, or not known]
2026-04-20 23:56:26,448 - src.api.free_api_client - ERROR - Error fetching quote: Cannot connect to host api.quotable.io:443 ssl:default [nodename nor servname provided, or not known]
2026-04-20 23:56:56,656 - src.api.free_api_client - ERROR - Error fetching advice: 
2026-04-20 23:56:56,658 - src.api.free_api_client - ERROR - Error fetching trivia: 
2026-04-20 23:56:56,659 - src.api.free_api_client - ERROR - Error fetching Wikipedia: 
2026-04-20 23:56:56,660 - src.api.free_api_client - ERROR - Error fetching joke: 
2026-04-20 23:56:56,661 - src.learning.continuous_learner - INFO - Fetched content from 0 free APIs
2026-04-20 23:57:00,251 - src.processor.content_processor - INFO - Processed 0/105 content items
2026-04-20 23:57:00,252 - src.learning.continuous_learner - INFO - Real-time learning completed: 0 items processed
2026-04-21 00:01:22,467 - src.learning.continuous_learner - INFO - Starting real-time learning...
2026-04-21 00:01:23,088 - src.crawler.web_crawler - INFO - Extracted 35 articles from https://feeds.bbci.co.uk/news/rss.xml
2026-04-21 00:01:23,220 - src.crawler.web_crawler - WARNING - Feed parsing warning for https://rss.cnn.com/rss/edition.rss: <urlopen error [SSL: UNEXPECTED_EOF_WHILE_READING] EOF occurred in violation of protocol (_ssl.c:1081)>
2026-04-21 00:01:23,220 - src.crawler.web_crawler - INFO - Extracted 0 articles from https://rss.cnn.com/rss/edition.rss
2026-04-21 00:01:23,253 - src.crawler.web_crawler - WARNING - Feed parsing warning for https://feeds.reuters.com/reuters/topNews: <urlopen error Tunnel connection failed: 503 Service Unavailable>
2026-04-21 00:01:23,253 - src.crawler.web_crawler - INFO - Extracted 0 articles from https://feeds.reuters.com/reuters/topNews
2026-04-21 00:01:23,516 - src.crawler.web_crawler - INFO - Extracted 20 articles from https://techcrunch.com/feed/
2026-04-21 00:01:23,670 - src.crawler.web_crawler - INFO - Extracted 50 articles from https://www.wired.com/feed/rss
2026-04-21 00:01:23,833 - src.api.free_api_client - ERROR - Error fetching activity: Cannot connect to host www.boredapi.com:443 ssl:default [nodename nor servname provided, or not known]
2026-04-21 00:01:24,084 - src.api.free_api_client - ERROR - Error fetching quote: Cannot connect to host api.quotable.io:443 ssl:default [nodename nor servname provided, or not known]
2026-04-21 00:01:54,642 - src.api.free_api_client - ERROR - Error fetching trivia: 
2026-04-21 00:01:54,645 - src.api.free_api_client - ERROR - Error fetching Wikipedia: 
2026-04-21 00:01:54,645 - src.api.free_api_client - ERROR - Error fetching advice: 
2026-04-21 00:01:54,646 - src.api.free_api_client - ERROR - Error fetching joke: 
2026-04-21 00:01:54,646 - src.learning.continuous_learner - INFO - Fetched content from 0 free APIs
2026-04-21 00:01:54,661 - src.processor.content_processor - INFO - Processed 0/105 content items
2026-04-21 00:01:54,662 - src.learning.continuous_learner - INFO - Real-time learning completed: 0 items processed
2026-04-21 00:06:22,498 - src.learning.continuous_learner - INFO - Starting real-time learning...
2026-04-21 00:06:22,961 - src.crawler.web_crawler - INFO - Extracted 35 articles from https://feeds.bbci.co.uk/news/rss.xml
2026-04-21 00:06:23,102 - src.crawler.web_crawler - WARNING - Feed parsing warning for https://rss.cnn.com/rss/edition.rss: <urlopen error [SSL: UNEXPECTED_EOF_WHILE_READING] EOF occurred in violation of protocol (_ssl.c:1081)>
2026-04-21 00:06:23,102 - src.crawler.web_crawler - INFO - Extracted 0 articles from https://rss.cnn.com/rss/edition.rss
2026-04-21 00:06:24,259 - src.crawler.web_crawler - WARNING - Feed parsing warning for https://feeds.reuters.com/reuters/topNews: <urlopen error Tunnel connection failed: 503 Service Unavailable>
2026-04-21 00:06:24,259 - src.crawler.web_crawler - INFO - Extracted 0 articles from https://feeds.reuters.com/reuters/topNews
2026-04-21 00:06:24,520 - src.crawler.web_crawler - INFO - Extracted 20 articles from https://techcrunch.com/feed/
2026-04-21 00:06:24,712 - src.crawler.web_crawler - INFO - Extracted 50 articles from https://www.wired.com/feed/rss
2026-04-21 00:06:24,820 - src.api.free_api_client - ERROR - Error fetching activity: Cannot connect to host www.boredapi.com:443 ssl:default [nodename nor servname provided, or not known]
2026-04-21 00:06:25,228 - src.api.free_api_client - ERROR - Error fetching quote: Cannot connect to host api.quotable.io:443 ssl:default [nodename nor servname provided, or not known]
2026-04-21 00:06:55,630 - src.api.free_api_client - ERROR - Error fetching Wikipedia: 
2026-04-21 00:06:55,632 - src.api.free_api_client - ERROR - Error fetching trivia: 
2026-04-21 00:06:55,633 - src.api.free_api_client - ERROR - Error fetching advice: 
2026-04-21 00:06:55,633 - src.api.free_api_client - ERROR - Error fetching joke: 
2026-04-21 00:06:55,634 - src.learning.continuous_learner - INFO - Fetched content from 0 free APIs
2026-04-21 00:06:59,261 - src.processor.content_processor - INFO - Processed 0/105 content items
2026-04-21 00:06:59,265 - src.learning.continuous_learner - INFO - Real-time learning completed: 0 items processed
2026-04-21 00:11:22,538 - src.learning.continuous_learner - INFO - Starting real-time learning...
2026-04-21 00:11:23,114 - src.crawler.web_crawler - INFO - Extracted 35 articles from https://feeds.bbci.co.uk/news/rss.xml
2026-04-21 00:11:23,267 - src.crawler.web_crawler - WARNING - Feed parsing warning for https://rss.cnn.com/rss/edition.rss: <urlopen error [SSL: UNEXPECTED_EOF_WHILE_READING] EOF occurred in violation of protocol (_ssl.c:1081)>
2026-04-21 00:11:23,268 - src.crawler.web_crawler - INFO - Extracted 0 articles from https://rss.cnn.com/rss/edition.rss
2026-04-21 00:11:23,301 - src.crawler.web_crawler - WARNING - Feed parsing warning for https://feeds.reuters.com/reuters/topNews: <urlopen error Tunnel connection failed: 503 Service Unavailable>
2026-04-21 00:11:23,301 - src.crawler.web_crawler - INFO - Extracted 0 articles from https://feeds.reuters.com/reuters/topNews
2026-04-21 00:11:23,575 - src.crawler.web_crawler - INFO - Extracted 20 articles from https://techcrunch.com/feed/
2026-04-21 00:11:23,747 - src.crawler.web_crawler - INFO - Extracted 50 articles from https://www.wired.com/feed/rss
2026-04-21 00:11:23,868 - src.api.free_api_client - ERROR - Error fetching activity: Cannot connect to host www.boredapi.com:443 ssl:default [nodename nor servname provided, or not known]
2026-04-21 00:11:24,050 - src.api.free_api_client - ERROR - Error fetching quote: Cannot connect to host api.quotable.io:443 ssl:default [nodename nor servname provided, or not known]
2026-04-21 00:11:54,654 - src.api.free_api_client - ERROR - Error fetching trivia: 
2026-04-21 00:11:54,656 - src.api.free_api_client - ERROR - Error fetching Wikipedia: 
2026-04-21 00:11:54,657 - src.api.free_api_client - ERROR - Error fetching advice: 
2026-04-21 00:11:54,670 - src.api.free_api_client - ERROR - Error fetching joke: 
2026-04-21 00:11:54,687 - src.learning.continuous_learner - INFO - Fetched content from 0 free APIs
2026-04-21 00:11:58,272 - src.processor.content_processor - INFO - Processed 0/105 content items
2026-04-21 00:11:58,276 - src.learning.continuous_learner - INFO - Real-time learning completed: 0 items processed
2026-04-21 00:16:22,604 - src.learning.continuous_learner - INFO - Starting real-time learning...
2026-04-21 00:16:23,354 - src.crawler.web_crawler - INFO - Extracted 35 articles from https://feeds.bbci.co.uk/news/rss.xml
2026-04-21 00:16:23,483 - src.crawler.web_crawler - WARNING - Feed parsing warning for https://rss.cnn.com/rss/edition.rss: <urlopen error [SSL: UNEXPECTED_EOF_WHILE_READING] EOF occurred in violation of protocol (_ssl.c:1081)>
2026-04-21 00:16:23,484 - src.crawler.web_crawler - INFO - Extracted 0 articles from https://rss.cnn.com/rss/edition.rss
2026-04-21 00:16:23,512 - src.crawler.web_crawler - WARNING - Feed parsing warning for https://feeds.reuters.com/reuters/topNews: <urlopen error Tunnel connection failed: 503 Service Unavailable>
2026-04-21 00:16:23,512 - src.crawler.web_crawler - INFO - Extracted 0 articles from https://feeds.reuters.com/reuters/topNews
2026-04-21 00:16:24,416 - src.crawler.web_crawler - INFO - Extracted 20 articles from https://techcrunch.com/feed/
2026-04-21 00:16:24,580 - src.crawler.web_crawler - INFO - Extracted 50 articles from https://www.wired.com/feed/rss
2026-04-21 00:16:24,672 - src.api.free_api_client - ERROR - Error fetching activity: Cannot connect to host www.boredapi.com:443 ssl:default [nodename nor servname provided, or not known]
2026-04-21 00:16:24,824 - src.api.free_api_client - ERROR - Error fetching quote: Cannot connect to host api.quotable.io:443 ssl:default [nodename nor servname provided, or not known]
2026-04-21 00:16:54,607 - src.api.free_api_client - ERROR - Error fetching trivia: 
2026-04-21 00:16:54,609 - src.api.free_api_client - ERROR - Error fetching advice: 
2026-04-21 00:16:54,609 - src.api.free_api_client - ERROR - Error fetching Wikipedia: 
2026-04-21 00:16:54,610 - src.api.free_api_client - ERROR - Error fetching joke: 
2026-04-21 00:16:54,610 - src.learning.continuous_learner - INFO - Fetched content from 0 free APIs
2026-04-21 00:16:57,780 - src.processor.content_processor - INFO - Processed 0/105 content items
2026-04-21 00:16:57,780 - src.learning.continuous_learner - INFO - Real-time learning completed: 0 items processed
2026-04-21 00:21:22,637 - src.learning.continuous_learner - INFO - Starting real-time learning...
2026-04-21 00:21:23,224 - src.crawler.web_crawler - INFO - Extracted 35 articles from https://feeds.bbci.co.uk/news/rss.xml
2026-04-21 00:21:23,368 - src.crawler.web_crawler - WARNING - Feed parsing warning for https://rss.cnn.com/rss/edition.rss: <urlopen error [SSL: UNEXPECTED_EOF_WHILE_READING] EOF occurred in violation of protocol (_ssl.c:1081)>
2026-04-21 00:21:23,368 - src.crawler.web_crawler - INFO - Extracted 0 articles from https://rss.cnn.com/rss/edition.rss
2026-04-21 00:21:23,387 - src.crawler.web_crawler - WARNING - Feed parsing warning for https://feeds.reuters.com/reuters/topNews: <urlopen error Tunnel connection failed: 503 Service Unavailable>
2026-04-21 00:21:23,387 - src.crawler.web_crawler - INFO - Extracted 0 articles from https://feeds.reuters.com/reuters/topNews
2026-04-21 00:21:23,652 - src.crawler.web_crawler - INFO - Extracted 20 articles from https://techcrunch.com/feed/
2026-04-21 00:21:23,896 - src.crawler.web_crawler - INFO - Extracted 50 articles from https://www.wired.com/feed/rss
2026-04-21 00:21:23,981 - src.api.free_api_client - ERROR - Error fetching quote: Cannot connect to host api.quotable.io:443 ssl:default [nodename nor servname provided, or not known]
2026-04-21 00:21:24,053 - src.api.free_api_client - ERROR - Error fetching activity: Cannot connect to host www.boredapi.com:443 ssl:default [nodename nor servname provided, or not known]
2026-04-21 00:21:54,597 - src.api.free_api_client - ERROR - Error fetching trivia: 
2026-04-21 00:21:54,603 - src.api.free_api_client - ERROR - Error fetching Wikipedia: 
2026-04-21 00:21:54,603 - src.api.free_api_client - ERROR - Error fetching advice: 
2026-04-21 00:21:54,604 - src.api.free_api_client - ERROR - Error fetching joke: 
2026-04-21 00:21:54,604 - src.learning.continuous_learner - INFO - Fetched content from 0 free APIs
2026-04-21 00:21:54,623 - src.processor.content_processor - INFO - Processed 0/105 content items
2026-04-21 00:21:54,624 - src.learning.continuous_learner - INFO - Real-time learning completed: 0 items processed
2026-04-21 00:25:52,691 - src.learning.continuous_learner - INFO - Starting hourly learning...
2026-04-21 00:25:52,720 - src.crawler.web_crawler - INFO - Successfully crawled 0/4 URLs
2026-04-21 00:25:52,751 - src.learning.continuous_learner - INFO - Hourly learning completed: 4 URLs crawled
2026-04-21 00:26:22,705 - src.learning.continuous_learner - INFO - Starting real-time learning...
2026-04-21 00:26:23,257 - src.crawler.web_crawler - INFO - Extracted 35 articles from https://feeds.bbci.co.uk/news/rss.xml
2026-04-21 00:26:23,396 - src.crawler.web_crawler - WARNING - Feed parsing warning for https://rss.cnn.com/rss/edition.rss: <urlopen error [SSL: UNEXPECTED_EOF_WHILE_READING] EOF occurred in violation of protocol (_ssl.c:1081)>
2026-04-21 00:26:23,397 - src.crawler.web_crawler - INFO - Extracted 0 articles from https://rss.cnn.com/rss/edition.rss
2026-04-21 00:26:24,333 - src.crawler.web_crawler - WARNING - Feed parsing warning for https://feeds.reuters.com/reuters/topNews: <urlopen error Tunnel connection failed: 503 Service Unavailable>
2026-04-21 00:26:24,334 - src.crawler.web_crawler - INFO - Extracted 0 articles from https://feeds.reuters.com/reuters/topNews
2026-04-21 00:26:25,796 - src.crawler.web_crawler - INFO - Extracted 20 articles from https://techcrunch.com/feed/
2026-04-21 00:26:26,043 - src.crawler.web_crawler - INFO - Extracted 50 articles from https://www.wired.com/feed/rss
2026-04-21 00:26:26,180 - src.api.free_api_client - ERROR - Error fetching activity: Cannot connect to host www.boredapi.com:443 ssl:default [nodename nor servname provided, or not known]
2026-04-21 00:26:26,441 - src.api.free_api_client - ERROR - Error fetching quote: Cannot connect to host api.quotable.io:443 ssl:default [nodename nor servname provided, or not known]
2026-04-21 00:26:56,582 - src.api.free_api_client - ERROR - Error fetching advice: 
2026-04-21 00:26:56,584 - src.api.free_api_client - ERROR - Error fetching trivia: 
2026-04-21 00:26:56,585 - src.api.free_api_client - ERROR - Error fetching Wikipedia: 
2026-04-21 00:26:56,586 - src.api.free_api_client - ERROR - Error fetching joke: 
2026-04-21 00:26:56,587 - src.learning.continuous_learner - INFO - Fetched content from 0 free APIs
2026-04-21 00:26:56,603 - src.processor.content_processor - INFO - Processed 0/105 content items
2026-04-21 00:26:56,606 - src.learning.continuous_learner - INFO - Real-time learning completed: 0 items processed
2026-04-21 00:31:22,728 - src.learning.continuous_learner - INFO - Starting real-time learning...
2026-04-21 00:31:23,293 - src.crawler.web_crawler - INFO - Extracted 35 articles from https://feeds.bbci.co.uk/news/rss.xml
2026-04-21 00:31:23,655 - src.crawler.web_crawler - WARNING - Feed parsing warning for https://rss.cnn.com/rss/edition.rss: <urlopen error [SSL: UNEXPECTED_EOF_WHILE_READING] EOF occurred in violation of protocol (_ssl.c:1081)>
2026-04-21 00:31:23,655 - src.crawler.web_crawler - INFO - Extracted 0 articles from https://rss.cnn.com/rss/edition.rss
2026-04-21 00:31:23,676 - src.crawler.web_crawler - WARNING - Feed parsing warning for https://feeds.reuters.com/reuters/topNews: <urlopen error Tunnel connection failed: 503 Service Unavailable>
2026-04-21 00:31:23,677 - src.crawler.web_crawler - INFO - Extracted 0 articles from https://feeds.reuters.com/reuters/topNews
2026-04-21 00:31:24,277 - src.crawler.web_crawler - INFO - Extracted 20 articles from https://techcrunch.com/feed/
2026-04-21 00:31:24,602 - src.crawler.web_crawler - INFO - Extracted 50 articles from https://www.wired.com/feed/rss
2026-04-21 00:31:24,714 - src.api.free_api_client - ERROR - Error fetching activity: Cannot connect to host www.boredapi.com:443 ssl:default [nodename nor servname provided, or not known]
2026-04-21 00:31:24,876 - src.api.free_api_client - ERROR - Error fetching quote: Cannot connect to host api.quotable.io:443 ssl:default [nodename nor servname provided, or not known]
2026-04-21 00:31:55,568 - src.api.free_api_client - ERROR - Error fetching Wikipedia: 
2026-04-21 00:31:55,571 - src.api.free_api_client - ERROR - Error fetching trivia: 
2026-04-21 00:31:55,574 - src.api.free_api_client - ERROR - Error fetching advice: 
2026-04-21 00:31:55,575 - src.api.free_api_client - ERROR - Error fetching joke: 
2026-04-21 00:31:55,576 - src.learning.continuous_learner - INFO - Fetched content from 0 free APIs
2026-04-21 00:31:59,481 - src.processor.content_processor - INFO - Processed 1/105 content items
2026-04-21 00:31:59,485 - src.learning.continuous_learner - INFO - Real-time learning completed: 0 items processed
